date1,date2,price1,price2,openDate1,openDate2,closeDate1,closeDate2
2019.07.09 18:01:00,2019.07.10 09:20:00,1392.420,1389.910,2019.07.09 18:01:00,2019.07.09 18:04:00,2019.07.10 09:12:00,2019.07.10 09:20:00
2019.07.11 04:00:00,2019.07.11 23:32:00,1406.230,1400.800,2019.07.11 04:00:00,2019.07.11 14:21:00,2019.07.11 23:24:00,2019.07.11 23:32:00
2019.07.12 10:28:00,2019.07.12 15:37:00,1405.800,1403.080,2019.07.12 10:28:00,2019.07.12 11:39:00,2019.07.12 15:29:00,2019.07.12 15:37:00
2019.07.15 01:18:00,2019.07.15 05:34:00,1411.600,1409.460,2019.07.15 01:18:00,2019.07.15 02:05:00,2019.07.15 05:29:00,2019.07.15 05:34:00
2019.07.15 12:15:00,2019.07.15 17:41:00,1409.770,1407.720,2019.07.15 12:15:00,2019.07.15 14:48:00,2019.07.15 17:37:00,2019.07.15 17:41:00
2019.07.16 01:14:00,2019.07.17 12:32:00,1403.880,1400.110,2019.07.16 01:14:00,2019.07.16 04:00:00,2019.07.17 11:02:00,2019.07.17 12:32:00
2019.07.18 01:00:00,2019.07.18 15:42:00,1417.830,1414.550,2019.07.18 01:00:00,2019.07.18 02:50:00,2019.07.18 15:39:00,2019.07.18 15:42:00
2019.07.19 01:17:00,2019.07.19 21:15:00,1426.920,1420.180,2019.07.19 01:17:00,2019.07.19 01:22:00,2019.07.19 21:07:00,2019.07.19 21:15:00
2019.07.22 08:37:00,2019.07.23 08:32:00,1417.550,1414.210,2019.07.22 08:37:00,2019.07.22 09:15:00,2019.07.23 07:35:00,2019.07.23 08:32:00
2019.07.23 17:03:00,2019.07.23 23:26:00,1418.980,1415.990,2019.07.23 17:03:00,2019.07.23 17:43:00,2019.07.23 22:03:00,2019.07.23 23:26:00
2019.07.24 17:06:00,2019.07.24 20:07:00,1422.290,1420.480,2019.07.24 17:06:00,2019.07.24 17:10:00,2019.07.24 20:01:00,2019.07.24 20:07:00
2019.07.25 14:56:00,2019.07.25 20:06:00,1416.400,1411.090,2019.07.25 14:56:00,2019.07.25 15:34:00,2019.07.25 19:44:00,2019.07.25 20:06:00
2019.07.26 16:21:00,2019.07.26 23:01:00,1418.260,1416.330,2019.07.26 16:21:00,2019.07.26 16:33:00,2019.07.26 22:17:00,2019.07.26 23:01:00
2019.07.29 04:10:00,2019.07.29 16:40:00,1421.640,1414.790,2019.07.29 04:10:00,2019.07.29 06:10:00,2019.07.29 16:39:00,2019.07.29 16:40:00
2019.07.31 16:42:00,2019.08.01 16:21:00,1407.450,1400.490,2019.07.31 16:42:00,2019.07.31 19:22:00,2019.08.01 13:58:00,2019.08.01 16:21:00
2019.08.02 01:01:00,2019.08.02 06:51:00,1433.570,1430.320,2019.08.02 01:01:00,2019.08.02 01:17:00,2019.08.02 04:24:00,2019.08.02 06:51:00
2019.08.02 10:52:00,2019.08.02 15:30:00,1436.250,1431.620,2019.08.02 10:52:00,2019.08.02 11:29:00,2019.08.02 15:29:00,2019.08.02 15:30:00
2019.08.02 20:00:00,2019.08.05 01:41:00,1439.520,1436.750,2019.08.02 20:00:00,2019.08.02 20:27:00,2019.08.05 01:34:00,2019.08.05 01:41:00
2019.08.06 03:09:00,2019.08.06 07:07:00,1460.760,1456.360,2019.08.06 03:09:00,2019.08.06 04:00:00,2019.08.06 06:59:00,2019.08.06 07:07:00
2019.08.07 04:46:00,2019.08.07 08:42:00,1483.070,1481.240,2019.08.07 04:46:00,2019.08.07 04:52:00,2019.08.07 08:35:00,2019.08.07 08:42:00
2019.08.07 17:01:00,2019.08.07 22:57:00,1497.500,1493.890,2019.08.07 17:01:00,2019.08.07 17:04:00,2019.08.07 22:52:00,2019.08.07 22:57:00
2019.08.08 03:22:00,2019.08.08 04:36:00,1497.540,1491.700,2019.08.08 03:22:00,2019.08.08 03:46:00,2019.08.08 04:33:00,2019.08.08 04:36:00
2019.08.08 09:10:00,2019.08.08 16:01:00,1492.840,1489.920,2019.08.08 09:10:00,2019.08.08 09:29:00,2019.08.08 15:58:00,2019.08.08 16:01:00
2019.08.08 21:50:00,2019.08.09 04:00:00,1502.420,1499.120,2019.08.08 21:50:00,2019.08.08 21:55:00,2019.08.09 03:59:00,2019.08.09 04:00:00
2019.08.09 09:02:00,2019.08.12 10:23:00,1491.670,1487.280,2019.08.09 09:02:00,2019.08.09 09:27:00,2019.08.12 10:20:00,2019.08.12 10:23:00
2019.08.13 13:01:00,2019.08.13 16:56:00,1494.530,1479.450,2019.08.13 13:01:00,2019.08.13 15:34:00,2019.08.13 16:54:00,2019.08.13 16:56:00
2019.08.13 18:22:00,2019.08.14 04:23:00,1498.760,1494.030,2019.08.13 18:22:00,2019.08.13 18:24:00,2019.08.14 04:20:00,2019.08.14 04:23:00
2019.08.14 20:00:00,2019.08.14 23:04:00,1512.560,1509.050,2019.08.14 20:00:00,2019.08.14 20:24:00,2019.08.14 23:03:00,2019.08.14 23:04:00
2019.08.15 04:37:00,2019.08.15 09:39:00,1511.370,1507.810,2019.08.15 04:37:00,2019.08.15 04:56:00,2019.08.15 09:37:00,2019.08.15 09:39:00
2019.08.16 03:45:00,2019.08.16 12:12:00,1510.540,1505.590,2019.08.16 03:45:00,2019.08.16 05:24:00,2019.08.16 12:06:00,2019.08.16 12:12:00
2019.08.16 17:00:00,2019.08.20 01:51:00,1497.730,1492.850,2019.08.16 17:00:00,2019.08.16 17:40:00,2019.08.19 21:42:00,2019.08.20 01:51:00
2019.08.20 14:26:00,2019.08.21 10:52:00,1498.910,1496.470,2019.08.20 14:26:00,2019.08.20 15:01:00,2019.08.21 10:31:00,2019.08.21 10:52:00
2019.08.21 21:16:00,2019.08.22 14:59:00,1495.880,1492.460,2019.08.21 21:16:00,2019.08.21 21:43:00,2019.08.22 14:33:00,2019.08.22 14:59:00
2019.08.22 16:48:00,2019.08.23 09:22:00,1495.810,1493.520,2019.08.22 16:48:00,2019.08.22 17:07:00,2019.08.23 04:29:00,2019.08.23 09:22:00
2019.08.26 01:28:00,2019.08.26 11:42:00,1531.150,1524.950,2019.08.26 01:28:00,2019.08.26 02:00:00,2019.08.26 10:39:00,2019.08.26 11:42:00
2019.08.26 17:18:00,2019.08.27 04:01:00,1528.280,1525.650,2019.08.26 17:18:00,2019.08.26 17:27:00,2019.08.27 03:59:00,2019.08.27 04:01:00
2019.08.29 09:58:00,2019.08.29 21:15:00,1526.230,1519.710,2019.08.29 09:58:00,2019.08.29 10:58:00,2019.08.29 21:08:00,2019.08.29 21:15:00
2019.08.30 09:02:00,2019.08.30 11:02:00,1524.190,1521.860,2019.08.30 09:02:00,2019.08.30 09:38:00,2019.08.30 10:54:00,2019.08.30 11:02:00
2019.08.30 18:20:00,2019.08.30 20:43:00,1520.110,1516.930,2019.08.30 18:20:00,2019.08.30 18:43:00,2019.08.30 20:30:00,2019.08.30 20:43:00
2019.09.02 01:01:00,2019.09.02 10:24:00,1522.340,1519.370,2019.09.02 01:01:00,2019.09.02 01:02:00,2019.09.02 10:19:00,2019.09.02 10:24:00
2019.09.02 19:40:00,2019.09.03 06:02:00,1523.880,1521.610,2019.09.02 19:40:00,2019.09.03 01:01:00,2019.09.03 05:51:00,2019.09.03 06:02:00
2019.09.04 02:55:00,2019.09.04 14:36:00,1537.290,1533.850,2019.09.04 02:55:00,2019.09.04 03:51:00,2019.09.04 13:54:00,2019.09.04 14:36:00
2019.09.04 20:46:00,2019.09.05 05:07:00,1544.970,1541.740,2019.09.04 20:46:00,2019.09.04 21:20:00,2019.09.05 04:49:00,2019.09.05 05:07:00
2019.09.05 10:11:00,2019.09.06 15:17:00,1512.150,1502.540,2019.09.05 10:11:00,2019.09.05 15:38:00,2019.09.06 09:39:00,2019.09.06 15:17:00
2019.09.06 16:45:00,2019.09.09 01:16:00,1508.480,1503.290,2019.09.06 16:45:00,2019.09.06 17:13:00,2019.09.06 21:54:00,2019.09.09 01:16:00
2019.09.09 04:55:00,2019.09.09 11:02:00,1506.350,1504.450,2019.09.09 04:55:00,2019.09.09 05:06:00,2019.09.09 10:53:00,2019.09.09 11:02:00
2019.09.09 16:01:00,2019.09.10 04:27:00,1493.010,1486.450,2019.09.09 16:01:00,2019.09.09 17:15:00,2019.09.10 03:59:00,2019.09.10 04:27:00
2019.09.10 11:25:00,2019.09.10 15:16:00,1490.600,1488.750,2019.09.10 11:25:00,2019.09.10 11:53:00,2019.09.10 15:11:00,2019.09.10 15:16:00
2019.09.10 16:40:00,2019.09.10 23:41:00,1488.070,1484.460,2019.09.10 16:40:00,2019.09.10 17:24:00,2019.09.10 22:54:00,2019.09.10 23:41:00
2019.09.11 09:03:00,2019.09.11 16:12:00,1489.320,1486.750,2019.09.11 09:03:00,2019.09.11 09:20:00,2019.09.11 16:11:00,2019.09.11 16:12:00
2019.09.12 15:39:00,2019.09.13 01:35:00,1501.680,1495.410,2019.09.12 15:39:00,2019.09.12 15:55:00,2019.09.12 19:24:00,2019.09.13 01:35:00
2019.09.13 14:56:00,2019.09.13 21:59:00,1490.470,1485.770,2019.09.13 14:56:00,2019.09.13 15:32:00,2019.09.13 21:08:00,2019.09.13 21:59:00
2019.09.16 03:28:00,2019.09.17 09:51:00,1497.360,1493.430,2019.09.16 03:28:00,2019.09.16 03:52:00,2019.09.17 08:59:00,2019.09.17 09:51:00
2019.09.17 19:45:00,2019.09.18 13:53:00,1501.060,1499.470,2019.09.17 19:45:00,2019.09.17 20:38:00,2019.09.18 13:48:00,2019.09.18 13:53:00
2019.09.18 20:56:00,2019.09.18 21:44:00,1491.730,1483.300,2019.09.18 20:56:00,2019.09.18 21:00:00,2019.09.18 21:42:00,2019.09.18 21:44:00
2019.09.20 09:13:00,2019.09.20 15:25:00,1500.320,1498.640,2019.09.20 09:13:00,2019.09.20 09:54:00,2019.09.20 15:19:00,2019.09.20 15:25:00
2019.09.23 05:14:00,2019.09.23 10:06:00,1513.150,1511.500,2019.09.23 05:14:00,2019.09.23 05:34:00,2019.09.23 10:02:00,2019.09.23 10:06:00
2019.09.23 18:01:00,2019.09.24 16:45:00,1518.210,1515.590,2019.09.23 18:01:00,2019.09.23 18:24:00,2019.09.24 16:41:00,2019.09.24 16:45:00
2019.09.24 19:56:00,2019.09.24 21:19:00,1526.950,1524.490,2019.09.24 19:56:00,2019.09.24 20:07:00,2019.09.24 21:12:00,2019.09.24 21:19:00
2019.09.25 03:52:00,2019.09.25 19:09:00,1508.580,1500.420,2019.09.25 03:52:00,2019.09.25 17:30:00,2019.09.25 19:01:00,2019.09.25 19:09:00
2019.09.26 08:30:00,2019.09.26 15:30:00,1502.550,1500.400,2019.09.26 08:30:00,2019.09.26 08:59:00,2019.09.26 15:29:00,2019.09.26 15:30:00
2019.09.26 16:44:00,2019.09.27 16:33:00,1492.100,1486.850,2019.09.26 16:44:00,2019.09.26 20:01:00,2019.09.27 16:09:00,2019.09.27 16:33:00
2019.09.27 20:00:00,2019.10.01 11:14:00,1468.030,1459.060,2019.09.27 20:00:00,2019.09.30 09:18:00,2019.10.01 06:34:00,2019.10.01 11:14:00
2019.10.01 19:17:00,2019.10.02 09:23:00,1477.300,1474.530,2019.10.01 19:17:00,2019.10.01 19:37:00,2019.10.02 09:01:00,2019.10.02 09:23:00
2019.10.02 20:49:00,2019.10.03 09:56:00,1498.150,1495.800,2019.10.02 20:49:00,2019.10.02 21:04:00,2019.10.03 09:52:00,2019.10.03 09:56:00
2019.10.03 17:08:00,2019.10.04 01:00:00,1507.590,1504.590,2019.10.03 17:08:00,2019.10.03 17:14:00,2019.10.03 22:16:00,2019.10.04 01:00:00
2019.10.04 15:30:00,2019.10.04 15:59:00,1500.060,1495.760,2019.10.04 15:30:00,2019.10.04 15:31:00,2019.10.04 15:53:00,2019.10.04 15:59:00
2019.10.07 01:00:00,2019.10.08 04:00:00,1492.150,1486.840,2019.10.07 01:00:00,2019.10.07 08:10:00,2019.10.08 03:01:00,2019.10.08 04:00:00
2019.10.08 16:40:00,2019.10.08 20:30:00,1500.090,1497.790,2019.10.08 16:40:00,2019.10.08 17:01:00,2019.10.08 20:00:00,2019.10.08 20:30:00
2019.10.10 01:59:00,2019.10.10 09:26:00,1506.780,1503.780,2019.10.10 01:59:00,2019.10.10 02:59:00,2019.10.10 09:17:00,2019.10.10 09:26:00
2019.10.10 15:30:00,2019.10.10 17:21:00,1496.280,1491.680,2019.10.10 15:30:00,2019.10.10 15:36:00,2019.10.10 17:13:00,2019.10.10 17:21:00
2019.10.10 21:08:00,2019.10.11 03:56:00,1493.630,1490.780,2019.10.10 21:08:00,2019.10.10 21:10:00,2019.10.11 03:49:00,2019.10.11 03:56:00
2019.10.11 11:01:00,2019.10.11 17:25:00,1480.060,1473.970,2019.10.11 11:01:00,2019.10.11 12:42:00,2019.10.11 17:01:00,2019.10.11 17:25:00
2019.10.11 19:32:00,2019.10.11 22:39:00,1480.980,1479.320,2019.10.11 19:32:00,2019.10.11 19:33:00,2019.10.11 22:38:00,2019.10.11 22:39:00
2019.10.15 13:30:00,2019.10.15 18:02:00,1482.000,1477.170,2019.10.15 13:30:00,2019.10.15 14:54:00,2019.10.15 17:31:00,2019.10.15 18:02:00
2019.10.16 12:02:00,2019.10.16 15:25:00,1478.900,1477.020,2019.10.16 12:02:00,2019.10.16 12:16:00,2019.10.16 15:20:00,2019.10.16 15:25:00
2019.10.17 03:45:00,2019.10.17 12:38:00,1487.220,1483.420,2019.10.17 03:45:00,2019.10.17 04:03:00,2019.10.17 12:30:00,2019.10.17 12:38:00
2019.10.17 19:00:00,2019.10.18 14:06:00,1487.610,1484.860,2019.10.17 19:00:00,2019.10.17 21:19:00,2019.10.18 13:58:00,2019.10.18 14:06:00
2019.10.21 16:12:00,2019.10.22 03:20:00,1483.900,1480.850,2019.10.21 16:12:00,2019.10.21 16:36:00,2019.10.22 03:07:00,2019.10.22 03:20:00
2019.10.23 16:55:00,2019.10.24 10:23:00,1491.630,1487.950,2019.10.23 16:55:00,2019.10.23 17:52:00,2019.10.24 10:14:00,2019.10.24 10:23:00
2019.10.25 16:14:00,2019.10.25 20:19:00,1504.390,1500.590,2019.10.25 16:14:00,2019.10.25 16:44:00,2019.10.25 19:09:00,2019.10.25 20:19:00
2019.10.28 09:09:00,2019.10.29 15:47:00,1488.490,1483.500,2019.10.28 09:09:00,2019.10.28 14:43:00,2019.10.29 15:10:00,2019.10.29 15:47:00
2019.10.30 16:04:00,2019.10.30 20:39:00,1484.600,1481.150,2019.10.30 16:04:00,2019.10.30 16:07:00,2019.10.30 20:34:00,2019.10.30 20:39:00
2019.11.01 10:27:00,2019.11.01 14:35:00,1510.380,1503.260,2019.11.01 10:27:00,2019.11.01 12:04:00,2019.11.01 14:29:00,2019.11.01 14:35:00
2019.11.01 16:01:00,2019.11.01 20:14:00,1509.000,1506.990,2019.11.01 16:01:00,2019.11.01 16:02:00,2019.11.01 20:10:00,2019.11.01 20:14:00
2019.11.04 15:15:00,2019.11.05 20:51:00,1486.490,1479.330,2019.11.04 15:15:00,2019.11.05 08:15:00,2019.11.05 17:58:00,2019.11.05 20:51:00
2019.11.06 18:54:00,2019.11.07 19:00:00,1467.300,1460.580,2019.11.06 18:54:00,2019.11.07 12:23:00,2019.11.07 18:25:00,2019.11.07 19:00:00
2019.11.08 10:05:00,2019.11.08 14:26:00,1460.680,1456.180,2019.11.08 10:05:00,2019.11.08 11:16:00,2019.11.08 14:17:00,2019.11.08 14:26:00
2019.11.08 18:23:00,2019.11.08 23:34:00,1460.050,1457.700,2019.11.08 18:23:00,2019.11.08 18:47:00,2019.11.08 22:42:00,2019.11.08 23:34:00
2019.11.11 12:48:00,2019.11.11 17:57:00,1451.990,1448.210,2019.11.11 12:48:00,2019.11.11 15:33:00,2019.11.11 17:51:00,2019.11.11 17:57:00
2019.11.11 20:34:00,2019.11.12 08:28:00,1450.750,1448.830,2019.11.11 20:34:00,2019.11.11 22:52:00,2019.11.12 08:17:00,2019.11.12 08:28:00
2019.11.12 11:54:00,2019.11.12 17:42:00,1449.880,1445.600,2019.11.12 11:54:00,2019.11.12 13:13:00,2019.11.12 17:39:00,2019.11.12 17:42:00
2019.11.14 20:58:00,2019.11.18 14:49:00,1460.230,1456.380,2019.11.14 20:58:00,2019.11.15 01:42:00,2019.11.18 11:30:00,2019.11.18 14:49:00
2019.11.19 02:46:00,2019.11.19 12:31:00,1466.980,1464.750,2019.11.19 02:46:00,2019.11.19 03:30:00,2019.11.19 11:49:00,2019.11.19 12:31:00
2019.11.20 10:24:00,2019.11.20 17:35:00,1469.810,1465.900,2019.11.20 10:24:00,2019.11.20 11:33:00,2019.11.20 17:33:00,2019.11.20 17:35:00
2019.11.21 04:04:00,2019.11.21 20:33:00,1465.150,1462.360,2019.11.21 04:04:00,2019.11.21 04:22:00,2019.11.21 20:22:00,2019.11.21 20:33:00
2019.11.22 12:12:00,2019.11.26 03:47:00,1455.970,1451.590,2019.11.22 12:12:00,2019.11.22 16:45:00,2019.11.25 21:14:00,2019.11.26 03:47:00
2019.11.26 11:15:00,2019.11.26 16:40:00,1453.740,1450.030,2019.11.26 11:15:00,2019.11.26 14:49:00,2019.11.26 16:39:00,2019.11.26 16:40:00
2019.11.26 23:10:00,2019.11.27 18:28:00,1454.630,1452.500,2019.11.26 23:10:00,2019.11.27 03:00:00,2019.11.27 18:12:00,2019.11.27 18:28:00
2019.11.29 19:29:00,2019.12.02 10:47:00,1456.500,1453.960,2019.11.29 19:29:00,2019.12.02 01:00:00,2019.12.02 10:14:00,2019.12.02 10:47:00
2019.12.04 10:00:00,2019.12.04 11:31:00,1475.060,1472.690,2019.12.04 10:00:00,2019.12.04 11:06:00,2019.12.04 11:20:00,2019.12.04 11:31:00
2019.12.04 15:19:00,2019.12.04 17:41:00,1473.580,1471.430,2019.12.04 15:19:00,2019.12.04 15:25:00,2019.12.04 17:27:00,2019.12.04 17:41:00
2019.12.05 19:27:00,2019.12.09 01:02:00,1462.620,1458.190,2019.12.05 19:27:00,2019.12.06 08:04:00,2019.12.06 17:37:00,2019.12.09 01:02:00
2019.12.12 16:15:00,2019.12.13 01:12:00,1469.150,1461.760,2019.12.12 16:15:00,2019.12.12 16:36:00,2019.12.12 23:54:00,2019.12.13 01:12:00
2019.12.17 12:57:00,2019.12.18 15:45:00,1472.580,1470.450,2019.12.17 12:57:00,2019.12.17 15:29:00,2019.12.18 15:27:00,2019.12.18 15:45:00
2019.12.31 09:11:00,2019.12.31 16:38:00,1518.460,1516.620,2019.12.31 09:11:00,2019.12.31 12:51:00,2019.12.31 16:34:00,2019.12.31 16:38:00
2020.01.06 01:01:00,2020.01.06 01:46:00,1573.190,1566.810,2020.01.06 01:01:00,2020.01.06 01:02:00,2020.01.06 01:32:00,2020.01.06 01:46:00
2020.01.06 03:57:00,2020.01.06 09:30:00,1572.590,1570.110,2020.01.06 03:57:00,2020.01.06 04:00:00,2020.01.06 09:24:00,2020.01.06 09:30:00
2020.01.06 13:48:00,2020.01.07 04:09:00,1560.470,1555.230,2020.01.06 13:48:00,2020.01.06 15:46:00,2020.01.07 03:45:00,2020.01.07 04:09:00
2020.01.08 02:27:00,2020.01.08 04:41:00,1590.330,1583.620,2020.01.08 02:27:00,2020.01.08 02:44:00,2020.01.08 04:37:00,2020.01.08 04:41:00
2020.01.08 07:55:00,2020.01.09 08:43:00,1551.140,1540.080,2020.01.08 07:55:00,2020.01.08 13:28:00,2020.01.09 08:33:00,2020.01.09 08:43:00
2020.01.09 14:55:00,2020.01.09 17:51:00,1547.370,1544.770,2020.01.09 14:55:00,2020.01.09 15:02:00,2020.01.09 17:49:00,2020.01.09 17:51:00
2020.01.09 20:26:00,2020.01.10 06:34:00,1547.710,1545.700,2020.01.09 20:26:00,2020.01.09 20:51:00,2020.01.10 05:29:00,2020.01.10 06:34:00
2020.01.10 23:42:00,2020.01.13 11:05:00,1550.110,1546.430,2020.01.10 23:42:00,2020.01.13 01:24:00,2020.01.13 11:03:00,2020.01.13 11:05:00
2020.01.13 15:53:00,2020.01.14 03:16:00,1540.560,1535.890,2020.01.13 15:53:00,2020.01.13 16:40:00,2020.01.14 03:13:00,2020.01.14 03:16:00
2020.01.15 21:32:00,2020.01.16 17:45:00,1550.510,1547.980,2020.01.15 21:32:00,2020.01.15 22:00:00,2020.01.16 17:38:00,2020.01.16 17:45:00
2020.01.21 04:39:00,2020.01.21 16:32:00,1550.780,1546.310,2020.01.21 04:39:00,2020.01.21 09:32:00,2020.01.21 16:11:00,2020.01.21 16:32:00
2020.01.21 20:37:00,2020.01.22 04:54:00,1552.770,1550.120,2020.01.21 20:37:00,2020.01.21 22:09:00,2020.01.22 04:50:00,2020.01.22 04:54:00
2020.01.23 01:33:00,2020.01.23 14:02:00,1554.400,1551.870,2020.01.23 01:33:00,2020.01.23 03:25:00,2020.01.23 13:28:00,2020.01.23 14:02:00
2020.01.23 20:01:00,2020.01.24 15:23:00,1558.850,1556.520,2020.01.23 20:01:00,2020.01.23 20:24:00,2020.01.24 14:30:00,2020.01.24 15:23:00
2020.01.27 01:08:00,2020.01.29 03:17:00,1568.390,1563.290,2020.01.27 01:08:00,2020.01.27 02:06:00,2020.01.29 03:11:00,2020.01.29 03:17:00
2020.01.30 10:21:00,2020.01.30 16:36:00,1576.410,1572.250,2020.01.30 10:21:00,2020.01.30 11:20:00,2020.01.30 16:34:00,2020.01.30 16:36:00
2020.01.30 19:45:00,2020.01.31 03:13:00,1574.160,1570.920,2020.01.30 19:45:00,2020.01.30 21:42:00,2020.01.31 02:59:00,2020.01.31 03:13:00
2020.02.03 01:00:00,2020.02.04 19:45:00,1558.160,1549.040,2020.02.03 01:00:00,2020.02.03 05:26:00,2020.02.04 17:16:00,2020.02.04 19:45:00
2020.02.05 09:18:00,2020.02.05 11:54:00,1550.610,1547.420,2020.02.05 09:18:00,2020.02.05 10:33:00,2020.02.05 11:43:00,2020.02.05 11:54:00
2020.02.07 12:11:00,2020.02.07 15:30:00,1564.110,1559.770,2020.02.07 12:11:00,2020.02.07 14:06:00,2020.02.07 15:29:00,2020.02.07 15:30:00
2020.02.10 01:36:00,2020.02.10 04:39:00,1569.840,1567.950,2020.02.10 01:36:00,2020.02.10 01:39:00,2020.02.10 04:33:00,2020.02.10 04:39:00
2020.02.10 19:36:00,2020.02.11 10:08:00,1568.330,1565.760,2020.02.10 19:36:00,2020.02.10 22:25:00,2020.02.11 09:59:00,2020.02.11 10:08:00
2020.02.11 16:40:00,2020.02.12 10:34:00,1564.300,1561.820,2020.02.11 16:40:00,2020.02.11 17:01:00,2020.02.12 10:26:00,2020.02.12 10:34:00
2020.02.19 22:57:00,2020.02.20 09:22:00,1605.970,1603.810,2020.02.19 22:57:00,2020.02.20 01:00:00,2020.02.20 09:18:00,2020.02.20 09:22:00
2020.02.24 11:27:00,2020.02.25 08:29:00,1644.510,1632.980,2020.02.24 11:27:00,2020.02.24 15:07:00,2020.02.25 08:20:00,2020.02.25 08:29:00
2020.02.25 17:54:00,2020.02.25 22:59:00,1634.320,1624.710,2020.02.25 17:54:00,2020.02.25 18:28:00,2020.02.25 22:58:00,2020.02.25 22:59:00
2020.02.26 11:12:00,2020.02.26 16:41:00,1632.380,1624.770,2020.02.26 11:12:00,2020.02.26 12:10:00,2020.02.26 16:35:00,2020.02.26 16:41:00
2020.02.27 17:35:00,2020.02.28 20:29:00,1583.370,1562.750,2020.02.27 17:35:00,2020.02.27 19:38:00,2020.02.28 19:59:00,2020.02.28 20:29:00
2020.03.02 12:12:00,2020.03.02 22:50:00,1590.560,1583.820,2020.03.02 12:12:00,2020.03.02 14:09:00,2020.03.02 22:47:00,2020.03.02 22:50:00
2020.03.04 01:17:00,2020.03.04 09:16:00,1636.060,1631.760,2020.03.04 01:17:00,2020.03.04 01:22:00,2020.03.04 09:13:00,2020.03.04 09:16:00
2020.03.04 14:32:00,2020.03.04 20:51:00,1637.390,1633.740,2020.03.04 14:32:00,2020.03.04 15:15:00,2020.03.04 20:50:00,2020.03.04 20:51:00
2020.03.06 12:21:00,2020.03.06 17:28:00,1656.410,1642.130,2020.03.06 12:21:00,2020.03.06 15:29:00,2020.03.06 17:27:00,2020.03.06 17:28:00
2020.03.09 01:33:00,2020.03.09 06:47:00,1668.110,1657.260,2020.03.09 01:33:00,2020.03.09 05:14:00,2020.03.09 06:34:00,2020.03.09 06:47:00
2020.03.09 15:30:00,2020.03.10 08:00:00,1656.610,1649.320,2020.03.09 15:30:00,2020.03.09 15:51:00,2020.03.10 07:50:00,2020.03.10 08:00:00
2020.03.10 14:09:00,2020.03.10 16:14:00,1653.440,1649.900,2020.03.10 14:09:00,2020.03.10 14:41:00,2020.03.10 16:08:00,2020.03.10 16:14:00
2020.03.10 19:32:00,2020.03.10 21:59:00,1645.800,1641.460,2020.03.10 19:32:00,2020.03.10 20:11:00,2020.03.10 21:58:00,2020.03.10 21:59:00
2020.03.11 14:18:00,2020.03.11 21:18:00,1640.810,1633.010,2020.03.11 14:18:00,2020.03.11 15:34:00,2020.03.11 20:49:00,2020.03.11 21:18:00
2020.03.12 03:04:00,2020.03.12 04:00:00,1635.050,1630.660,2020.03.12 03:04:00,2020.03.12 03:09:00,2020.03.12 03:58:00,2020.03.12 04:00:00
2020.03.12 10:27:00,2020.03.13 04:01:00,1570.560,1551.210,2020.03.12 10:27:00,2020.03.12 14:02:00,2020.03.13 03:19:00,2020.03.13 04:01:00
2020.03.13 09:57:00,2020.03.13 13:51:00,1582.190,1577.160,2020.03.13 09:57:00,2020.03.13 10:09:00,2020.03.13 13:49:00,2020.03.13 13:51:00
2020.03.13 14:57:00,2020.03.13 18:44:00,1524.270,1504.320,2020.03.13 14:57:00,2020.03.13 15:40:00,2020.03.13 18:35:00,2020.03.13 18:44:00
2020.03.16 00:16:00,2020.03.16 03:27:00,1534.660,1523.750,2020.03.16 00:16:00,2020.03.16 00:23:00,2020.03.16 03:12:00,2020.03.16 03:27:00
2020.03.16 06:48:00,2020.03.16 15:03:00,1472.010,1451.200,2020.03.16 06:48:00,2020.03.16 09:46:00,2020.03.16 14:34:00,2020.03.16 15:03:00
2020.03.16 17:34:00,2020.03.16 19:29:00,1491.180,1483.780,2020.03.16 17:34:00,2020.03.16 17:41:00,2020.03.16 19:28:00,2020.03.16 19:29:00
2020.03.17 02:56:00,2020.03.17 12:58:00,1482.120,1465.350,2020.03.17 02:56:00,2020.03.17 03:05:00,2020.03.17 11:32:00,2020.03.17 12:58:00
2020.03.17 17:12:00,2020.03.19 05:27:00,1481.620,1463.030,2020.03.17 17:12:00,2020.03.17 17:29:00,2020.03.19 04:46:00,2020.03.19 05:27:00
2020.03.19 08:53:00,2020.03.19 14:15:00,1471.340,1464.010,2020.03.19 08:53:00,2020.03.19 09:12:00,2020.03.19 14:09:00,2020.03.19 14:15:00
2020.03.19 16:21:00,2020.03.19 20:07:00,1471.110,1465.250,2020.03.19 16:21:00,2020.03.19 16:34:00,2020.03.19 20:00:00,2020.03.19 20:07:00
2020.03.20 10:09:00,2020.03.20 20:26:00,1486.750,1479.240,2020.03.20 10:09:00,2020.03.20 10:42:00,2020.03.20 18:59:00,2020.03.20 20:26:00
2020.03.23 00:02:00,2020.03.23 00:35:00,1491.150,1482.230,2020.03.23 00:02:00,2020.03.23 00:05:00,2020.03.23 00:34:00,2020.03.23 00:35:00
2020.03.23 02:34:00,2020.03.23 08:54:00,1489.260,1484.940,2020.03.23 02:34:00,2020.03.23 02:38:00,2020.03.23 08:39:00,2020.03.23 08:54:00
2020.03.24 04:42:00,2020.03.24 08:16:00,1564.590,1558.590,2020.03.24 04:42:00,2020.03.24 05:02:00,2020.03.24 07:34:00,2020.03.24 08:16:00
2020.03.25 01:29:00,2020.03.25 13:34:00,1606.220,1594.710,2020.03.25 01:29:00,2020.03.25 01:31:00,2020.03.25 13:33:00,2020.03.25 13:34:00
2020.03.25 15:35:00,2020.03.26 09:20:00,1601.180,1595.630,2020.03.25 15:35:00,2020.03.25 15:47:00,2020.03.26 09:19:00,2020.03.26 09:20:00
2020.03.26 19:39:00,2020.03.26 21:22:00,1619.340,1613.200,2020.03.26 19:39:00,2020.03.26 20:16:00,2020.03.26 21:17:00,2020.03.26 21:22:00
2020.03.27 00:05:00,2020.03.27 03:00:00,1622.790,1619.050,2020.03.27 00:05:00,2020.03.27 00:10:00,2020.03.27 02:33:00,2020.03.27 03:00:00
2020.03.27 07:34:00,2020.03.27 09:49:00,1618.790,1612.540,2020.03.27 07:34:00,2020.03.27 08:27:00,2020.03.27 09:48:00,2020.03.27 09:49:00
2020.03.30 01:00:00,2020.03.30 06:47:00,1617.370,1606.040,2020.03.30 01:00:00,2020.03.30 01:01:00,2020.03.30 06:46:00,2020.03.30 06:47:00
2020.03.30 14:34:00,2020.03.31 03:55:00,1614.080,1609.890,2020.03.30 14:34:00,2020.03.30 14:45:00,2020.03.31 03:53:00,2020.03.31 03:55:00
2020.03.31 09:58:00,2020.03.31 13:54:00,1599.500,1594.320,2020.03.31 09:58:00,2020.03.31 11:44:00,2020.03.31 13:46:00,2020.03.31 13:54:00
2020.03.31 17:20:00,2020.04.01 01:00:00,1575.890,1562.220,2020.03.31 17:20:00,2020.03.31 19:39:00,2020.03.31 23:54:00,2020.04.01 01:00:00
2020.04.01 10:43:00,2020.04.01 16:34:00,1579.040,1571.910,2020.04.01 10:43:00,2020.04.01 14:02:00,2020.04.01 16:21:00,2020.04.01 16:34:00
2020.04.02 22:15:00,2020.04.03 09:47:00,1609.690,1606.860,2020.04.02 22:15:00,2020.04.02 22:22:00,2020.04.03 09:34:00,2020.04.03 09:47:00
2020.04.03 15:30:00,2020.04.03 15:56:00,1609.620,1605.620,2020.04.03 15:30:00,2020.04.03 15:31:00,2020.04.03 15:55:00,2020.04.03 15:56:00
2020.04.07 02:15:00,2020.04.07 04:07:00,1658.270,1653.390,2020.04.07 02:15:00,2020.04.07 02:17:00,2020.04.07 04:05:00,2020.04.07 04:07:00
2020.04.07 10:01:00,2020.04.07 11:00:00,1648.070,1643.000,2020.04.07 10:01:00,2020.04.07 10:09:00,2020.04.07 10:50:00,2020.04.07 11:00:00
2020.04.07 15:29:00,2020.04.07 16:38:00,1649.000,1642.160,2020.04.07 15:29:00,2020.04.07 15:50:00,2020.04.07 16:30:00,2020.04.07 16:38:00
2020.04.07 22:51:00,2020.04.08 03:34:00,1645.380,1640.790,2020.04.07 22:51:00,2020.04.07 23:05:00,2020.04.08 03:32:00,2020.04.08 03:34:00
2020.04.08 10:26:00,2020.04.08 14:33:00,1644.290,1641.700,2020.04.08 10:26:00,2020.04.08 10:41:00,2020.04.08 14:31:00,2020.04.08 14:33:00
2020.04.08 16:06:00,2020.04.08 17:23:00,1645.570,1642.500,2020.04.08 16:06:00,2020.04.08 16:08:00,2020.04.08 17:21:00,2020.04.08 17:23:00
2020.04.08 21:53:00,2020.04.09 01:00:00,1644.950,1641.350,2020.04.08 21:53:00,2020.04.08 22:07:00,2020.04.08 23:54:00,2020.04.09 01:00:00
2020.04.09 20:21:00,2020.04.13 01:03:00,1680.230,1672.000,2020.04.09 20:21:00,2020.04.09 20:30:00,2020.04.13 01:02:00,2020.04.13 01:03:00
2020.04.14 05:37:00,2020.04.14 09:46:00,1712.420,1708.340,2020.04.14 05:37:00,2020.04.14 05:51:00,2020.04.14 09:26:00,2020.04.14 09:46:00
2020.04.14 17:26:00,2020.04.15 10:31:00,1715.290,1706.720,2020.04.14 17:26:00,2020.04.14 17:56:00,2020.04.15 10:12:00,2020.04.15 10:31:00
2020.04.15 16:59:00,2020.04.15 19:04:00,1712.650,1708.510,2020.04.15 16:59:00,2020.04.15 17:02:00,2020.04.15 18:59:00,2020.04.15 19:04:00
2020.04.15 22:56:00,2020.04.16 04:51:00,1714.660,1711.750,2020.04.15 22:56:00,2020.04.15 23:02:00,2020.04.16 04:48:00,2020.04.16 04:51:00
2020.04.16 15:24:00,2020.04.16 19:33:00,1715.360,1707.700,2020.04.16 15:24:00,2020.04.16 15:33:00,2020.04.16 19:31:00,2020.04.16 19:33:00
2020.04.17 01:00:00,2020.04.20 03:17:00,1681.580,1670.960,2020.04.17 01:00:00,2020.04.17 01:14:00,2020.04.20 01:12:00,2020.04.20 03:17:00
2020.04.20 19:05:00,2020.04.21 14:18:00,1674.270,1659.030,2020.04.20 19:05:00,2020.04.20 21:15:00,2020.04.21 14:16:00,2020.04.21 14:18:00
2020.04.21 17:23:00,2020.04.21 20:34:00,1675.280,1671.100,2020.04.21 17:23:00,2020.04.21 17:25:00,2020.04.21 20:22:00,2020.04.21 20:34:00
2020.04.22 04:23:00,2020.04.22 07:30:00,1682.980,1679.950,2020.04.22 04:23:00,2020.04.22 04:26:00,2020.04.22 07:29:00,2020.04.22 07:30:00
2020.04.22 23:01:00,2020.04.23 04:12:00,1710.640,1708.720,2020.04.22 23:01:00,2020.04.22 23:20:00,2020.04.23 03:53:00,2020.04.23 04:12:00
2020.04.23 04:26:00,2020.04.23 06:11:00,1709.700,1707.210,2020.04.23 04:26:00,2020.04.23 04:28:00,2020.04.23 05:50:00,2020.04.23 06:11:00
2020.04.23 18:18:00,2020.04.24 08:09:00,1724.320,1720.600,2020.04.23 18:18:00,2020.04.23 18:24:00,2020.04.24 07:32:00,2020.04.24 08:09:00
2020.04.24 16:38:00,2020.04.24 18:56:00,1716.210,1710.460,2020.04.24 16:38:00,2020.04.24 16:54:00,2020.04.24 18:28:00,2020.04.24 18:56:00
2020.04.24 23:01:00,2020.04.27 17:12:00,1710.600,1706.020,2020.04.24 23:01:00,2020.04.27 01:04:00,2020.04.27 17:08:00,2020.04.27 17:12:00
2020.04.27 22:58:00,2020.04.28 08:07:00,1698.000,1692.110,2020.04.27 22:58:00,2020.04.28 01:00:00,2020.04.28 07:58:00,2020.04.28 08:07:00
2020.04.28 12:25:00,2020.04.28 17:02:00,1696.840,1691.310,2020.04.28 12:25:00,2020.04.28 12:56:00,2020.04.28 16:59:00,2020.04.28 17:02:00
2020.04.29 08:24:00,2020.04.29 11:05:00,1704.720,1701.960,2020.04.29 08:24:00,2020.04.29 09:12:00,2020.04.29 11:03:00,2020.04.29 11:05:00
2020.04.29 15:20:00,2020.04.29 16:16:00,1701.880,1697.830,2020.04.29 15:20:00,2020.04.29 15:26:00,2020.04.29 16:12:00,2020.04.29 16:16:00
2020.04.30 10:39:00,2020.04.30 19:17:00,1691.410,1681.070,2020.04.30 10:39:00,2020.04.30 15:37:00,2020.04.30 19:14:00,2020.04.30 19:17:00
2020.04.30 20:04:00,2020.04.30 21:56:00,1683.260,1681.180,2020.04.30 20:04:00,2020.04.30 20:07:00,2020.04.30 21:49:00,2020.04.30 21:56:00
2020.05.01 05:54:00,2020.05.01 09:00:00,1674.120,1669.840,2020.05.01 05:54:00,2020.05.01 08:10:00,2020.05.01 08:56:00,2020.05.01 09:00:00
2020.05.04 13:17:00,2020.05.04 15:35:00,1701.600,1695.880,2020.05.04 13:17:00,2020.05.04 13:18:00,2020.05.04 15:29:00,2020.05.04 15:35:00
2020.05.04 16:55:00,2020.05.04 17:51:00,1702.070,1699.450,2020.05.04 16:55:00,2020.05.04 16:57:00,2020.05.04 17:49:00,2020.05.04 17:51:00
2020.05.04 21:02:00,2020.05.05 01:00:00,1700.790,1695.300,2020.05.04 21:02:00,2020.05.04 21:09:00,2020.05.04 23:54:00,2020.05.05 01:00:00
2020.05.05 09:00:00,2020.05.05 10:07:00,1698.350,1689.300,2020.05.05 09:00:00,2020.05.05 10:00:00,2020.05.05 10:06:00,2020.05.05 10:07:00
2020.05.05 11:06:00,2020.05.05 16:02:00,1696.330,1693.170,2020.05.05 11:06:00,2020.05.05 11:07:00,2020.05.05 15:50:00,2020.05.05 16:02:00
2020.05.05 22:51:00,2020.05.06 19:12:00,1687.670,1681.660,2020.05.05 22:51:00,2020.05.06 03:08:00,2020.05.06 19:01:00,2020.05.06 19:12:00
2020.05.07 03:36:00,2020.05.07 09:35:00,1686.230,1684.160,2020.05.07 03:36:00,2020.05.07 04:06:00,2020.05.07 09:21:00,2020.05.07 09:35:00
2020.05.07 21:13:00,2020.05.08 03:24:00,1713.260,1710.900,2020.05.07 21:13:00,2020.05.07 21:35:00,2020.05.08 03:06:00,2020.05.08 03:24:00
2020.05.08 12:16:00,2020.05.11 01:03:00,1703.760,1698.080,2020.05.08 12:16:00,2020.05.08 15:23:00,2020.05.08 23:44:00,2020.05.11 01:03:00
2020.05.11 04:41:00,2020.05.11 13:28:00,1697.590,1693.470,2020.05.11 04:41:00,2020.05.11 07:14:00,2020.05.11 13:19:00,2020.05.11 13:28:00
2020.05.11 16:40:00,2020.05.11 18:05:00,1695.180,1691.870,2020.05.11 16:40:00,2020.05.11 17:00:00,2020.05.11 18:03:00,2020.05.11 18:05:00
2020.05.12 18:10:00,2020.05.12 22:19:00,1701.090,1698.160,2020.05.12 18:10:00,2020.05.12 18:34:00,2020.05.12 22:15:00,2020.05.12 22:19:00
2020.05.14 02:58:00,2020.05.14 07:41:00,1712.690,1710.790,2020.05.14 02:58:00,2020.05.14 03:05:00,2020.05.14 07:18:00,2020.05.14 07:41:00
2020.05.18 11:08:00,2020.05.18 18:26:00,1735.280,1727.260,2020.05.18 11:08:00,2020.05.18 15:09:00,2020.05.18 18:16:00,2020.05.18 18:26:00
2020.05.19 05:39:00,2020.05.19 09:40:00,1729.400,1725.620,2020.05.19 05:39:00,2020.05.19 06:27:00,2020.05.19 09:39:00,2020.05.19 09:40:00
2020.05.20 21:13:00,2020.05.21 17:45:00,1726.110,1717.200,2020.05.20 21:13:00,2020.05.21 04:05:00,2020.05.21 17:30:00,2020.05.21 17:45:00
2020.05.22 11:36:00,2020.05.25 16:39:00,1726.890,1721.250,2020.05.22 11:36:00,2020.05.22 12:20:00,2020.05.25 16:37:00,2020.05.25 16:39:00
2020.05.26 06:58:00,2020.05.26 22:38:00,1712.460,1706.720,2020.05.26 06:58:00,2020.05.26 10:06:00,2020.05.26 21:49:00,2020.05.26 22:38:00
2020.05.27 04:18:00,2020.05.27 16:30:00,1698.670,1693.610,2020.05.27 04:18:00,2020.05.27 06:40:00,2020.05.27 16:09:00,2020.05.27 16:30:00
2020.05.28 16:37:00,2020.05.28 21:25:00,1714.700,1711.130,2020.05.28 16:37:00,2020.05.28 16:50:00,2020.05.28 20:43:00,2020.05.28 21:25:00
2020.06.01 08:51:00,2020.06.01 17:01:00,1732.120,1726.900,2020.06.01 08:51:00,2020.06.01 10:44:00,2020.06.01 16:59:00,2020.06.01 17:01:00
2020.06.02 17:18:00,2020.06.02 19:34:00,1726.500,1721.240,2020.06.02 17:18:00,2020.06.02 18:08:00,2020.06.02 19:20:00,2020.06.02 19:34:00
2020.06.03 02:09:00,2020.06.03 03:01:00,1726.020,1720.450,2020.06.03 02:09:00,2020.06.03 02:10:00,2020.06.03 03:00:00,2020.06.03 03:01:00
2020.06.03 06:05:00,2020.06.03 11:42:00,1718.550,1713.010,2020.06.03 06:05:00,2020.06.03 08:30:00,2020.06.03 11:41:00,2020.06.03 11:42:00
2020.06.03 15:02:00,2020.06.03 17:38:00,1697.100,1689.290,2020.06.03 15:02:00,2020.06.03 15:38:00,2020.06.03 17:18:00,2020.06.03 17:38:00
2020.06.04 20:25:00,2020.06.05 17:47:00,1681.260,1670.540,2020.06.04 20:25:00,2020.06.05 12:44:00,2020.06.05 17:16:00,2020.06.05 17:47:00
2020.06.08 11:08:00,2020.06.08 16:39:00,1689.430,1686.030,2020.06.08 11:08:00,2020.06.08 11:47:00,2020.06.08 16:31:00,2020.06.08 16:39:00
2020.06.09 04:32:00,2020.06.09 09:31:00,1695.040,1692.080,2020.06.09 04:32:00,2020.06.09 04:39:00,2020.06.09 09:25:00,2020.06.09 09:31:00
2020.06.09 17:27:00,2020.06.09 22:15:00,1713.900,1711.760,2020.06.09 17:27:00,2020.06.09 17:47:00,2020.06.09 21:53:00,2020.06.09 22:15:00
2020.06.10 17:22:00,2020.06.10 21:01:00,1711.900,1707.710,2020.06.10 17:22:00,2020.06.10 17:38:00,2020.06.10 21:00:00,2020.06.10 21:01:00
2020.06.11 01:03:00,2020.06.11 14:32:00,1725.180,1721.470,2020.06.11 01:03:00,2020.06.11 02:42:00,2020.06.11 14:30:00,2020.06.11 14:32:00
2020.06.11 18:02:00,2020.06.12 03:12:00,1726.790,1722.130,2020.06.11 18:02:00,2020.06.11 18:43:00,2020.06.12 02:58:00,2020.06.12 03:12:00
2020.06.12 16:53:00,2020.06.15 16:44:00,1711.930,1704.100,2020.06.12 16:53:00,2020.06.12 18:18:00,2020.06.15 15:11:00,2020.06.15 16:44:00
2020.06.16 05:37:00,2020.06.16 17:19:00,1721.110,1716.560,2020.06.16 05:37:00,2020.06.16 07:01:00,2020.06.16 17:13:00,2020.06.16 17:19:00
2020.06.16 20:50:00,2020.06.17 12:32:00,1716.850,1712.240,2020.06.16 20:50:00,2020.06.16 22:05:00,2020.06.17 12:31:00,2020.06.17 12:32:00
2020.06.18 12:10:00,2020.06.18 17:30:00,1721.980,1717.400,2020.06.18 12:10:00,2020.06.18 12:35:00,2020.06.18 17:12:00,2020.06.18 17:30:00
2020.06.22 04:59:00,2020.06.22 10:22:00,1745.680,1742.330,2020.06.22 04:59:00,2020.06.22 05:39:00,2020.06.22 10:21:00,2020.06.22 10:22:00
2020.06.22 17:18:00,2020.06.22 18:01:00,1753.360,1749.410,2020.06.22 17:18:00,2020.06.22 17:31:00,2020.06.22 17:54:00,2020.06.22 18:01:00
2020.06.22 18:44:00,2020.06.22 22:24:00,1754.740,1751.650,2020.06.22 18:44:00,2020.06.22 18:59:00,2020.06.22 22:21:00,2020.06.22 22:24:00
2020.06.23 04:29:00,2020.06.23 10:02:00,1749.960,1747.290,2020.06.23 04:29:00,2020.06.23 04:35:00,2020.06.23 09:58:00,2020.06.23 10:02:00
2020.06.24 13:03:00,2020.06.25 01:02:00,1758.800,1751.940,2020.06.24 13:03:00,2020.06.24 15:32:00,2020.06.25 01:01:00,2020.06.25 01:02:00
2020.06.25 09:43:00,2020.06.25 15:22:00,1758.070,1755.310,2020.06.25 09:43:00,2020.06.25 10:05:00,2020.06.25 15:12:00,2020.06.25 15:22:00
2020.06.26 11:50:00,2020.06.26 17:15:00,1751.430,1747.330,2020.06.26 11:50:00,2020.06.26 12:30:00,2020.06.26 17:08:00,2020.06.26 17:15:00
2020.06.29 01:00:00,2020.06.30 14:55:00,1767.340,1764.620,2020.06.29 01:00:00,2020.06.29 01:01:00,2020.06.30 14:53:00,2020.06.30 14:55:00
2020.07.01 10:40:00,2020.07.01 18:23:00,1765.740,1759.100,2020.07.01 10:40:00,2020.07.01 13:32:00,2020.07.01 17:51:00,2020.07.01 18:23:00
2020.07.01 22:33:00,2020.07.02 08:48:00,1766.300,1764.100,2020.07.01 22:33:00,2020.07.01 23:10:00,2020.07.02 08:45:00,2020.07.02 08:48:00
2020.07.02 13:13:00,2020.07.02 16:03:00,1761.670,1757.250,2020.07.02 13:13:00,2020.07.02 15:07:00,2020.07.02 15:58:00,2020.07.02 16:03:00
2020.07.02 18:20:00,2020.07.06 05:06:00,1772.420,1769.810,2020.07.02 18:20:00,2020.07.02 19:05:00,2020.07.06 04:59:00,2020.07.06 05:06:00
2020.07.07 04:08:00,2020.07.07 12:37:00,1776.430,1773.450,2020.07.07 04:08:00,2020.07.07 05:47:00,2020.07.07 12:13:00,2020.07.07 12:37:00
2020.07.08 17:25:00,2020.07.09 03:53:00,1808.410,1805.860,2020.07.08 17:25:00,2020.07.08 17:32:00,2020.07.09 03:38:00,2020.07.09 03:53:00
2020.07.09 11:39:00,2020.07.09 18:07:00,1800.440,1795.540,2020.07.09 11:39:00,2020.07.09 13:46:00,2020.07.09 18:03:00,2020.07.09 18:07:00
2020.07.09 22:04:00,2020.07.10 08:57:00,1797.650,1795.720,2020.07.09 22:04:00,2020.07.09 22:31:00,2020.07.10 08:49:00,2020.07.10 08:57:00
2020.07.10 15:32:00,2020.07.10 19:56:00,1797.850,1793.970,2020.07.10 15:32:00,2020.07.10 16:52:00,2020.07.10 19:36:00,2020.07.10 19:56:00
2020.07.13 16:45:00,2020.07.14 13:18:00,1797.260,1789.240,2020.07.13 16:45:00,2020.07.13 17:32:00,2020.07.14 13:17:00,2020.07.14 13:18:00
2020.07.15 11:31:00,2020.07.15 16:38:00,1805.740,1802.170,2020.07.15 11:31:00,2020.07.15 12:21:00,2020.07.15 16:34:00,2020.07.15 16:38:00
2020.07.15 19:39:00,2020.07.17 01:00:00,1799.130,1794.740,2020.07.15 19:39:00,2020.07.16 01:00:00,2020.07.16 20:31:00,2020.07.17 01:00:00
2020.07.22 04:14:00,2020.07.22 12:00:00,1850.680,1846.260,2020.07.22 04:14:00,2020.07.22 04:16:00,2020.07.22 11:35:00,2020.07.22 12:00:00
2020.07.23 11:42:00,2020.07.23 16:36:00,1874.220,1869.780,2020.07.23 11:42:00,2020.07.23 11:58:00,2020.07.23 16:29:00,2020.07.23 16:36:00
2020.07.28 04:22:00,2020.07.28 10:39:00,1923.550,1906.570,2020.07.28 04:22:00,2020.07.28 06:02:00,2020.07.28 10:35:00,2020.07.28 10:39:00
2020.07.29 03:20:00,2020.07.29 06:18:00,1951.280,1947.680,2020.07.29 03:20:00,2020.07.29 03:44:00,2020.07.29 05:57:00,2020.07.29 06:18:00
2020.07.29 16:33:00,2020.07.29 17:15:00,1949.750,1941.350,2020.07.29 16:33:00,2020.07.29 16:41:00,2020.07.29 17:13:00,2020.07.29 17:15:00
2020.07.29 21:50:00,2020.07.30 12:11:00,1953.300,1944.860,2020.07.29 21:50:00,2020.07.29 21:54:00,2020.07.30 12:02:00,2020.07.30 12:11:00
2020.07.30 16:47:00,2020.07.30 18:12:00,1944.530,1939.510,2020.07.30 16:47:00,2020.07.30 16:59:00,2020.07.30 18:05:00,2020.07.30 18:12:00
2020.07.31 10:01:00,2020.07.31 16:34:00,1964.610,1959.810,2020.07.31 10:01:00,2020.07.31 10:02:00,2020.07.31 16:24:00,2020.07.31 16:34:00
2020.08.03 01:00:00,2020.08.03 17:02:00,1966.520,1960.450,2020.08.03 01:00:00,2020.08.03 01:01:00,2020.08.03 16:39:00,2020.08.03 17:02:00
2020.08.04 10:46:00,2020.08.04 14:18:00,1974.010,1966.660,2020.08.04 10:46:00,2020.08.04 11:10:00,2020.08.04 14:17:00,2020.08.04 14:18:00
2020.08.07 01:21:00,2020.08.07 07:05:00,2054.390,2048.600,2020.08.07 01:21:00,2020.08.07 03:10:00,2020.08.07 07:00:00,2020.08.07 07:05:00
2020.08.07 11:00:00,2020.08.07 20:22:00,2026.080,2015.190,2020.08.07 11:00:00,2020.08.07 15:27:00,2020.08.07 20:03:00,2020.08.07 20:22:00
2020.08.10 17:15:00,2020.08.10 21:47:00,2025.560,2019.310,2020.08.10 17:15:00,2020.08.10 17:46:00,2020.08.10 21:35:00,2020.08.10 21:47:00
2020.08.11 02:44:00,2020.08.12 07:29:00,1882.330,1862.230,2020.08.11 02:44:00,2020.08.11 08:40:00,2020.08.12 07:07:00,2020.08.12 07:29:00
2020.08.12 11:21:00,2020.08.12 11:54:00,1923.970,1916.870,2020.08.12 11:21:00,2020.08.12 11:32:00,2020.08.12 11:48:00,2020.08.12 11:54:00
2020.08.12 19:44:00,2020.08.12 22:59:00,1916.220,1906.690,2020.08.12 19:44:00,2020.08.12 20:36:00,2020.08.12 22:53:00,2020.08.12 22:59:00
2020.08.13 04:09:00,2020.08.13 07:55:00,1926.130,1921.440,2020.08.13 04:09:00,2020.08.13 05:06:00,2020.08.13 07:49:00,2020.08.13 07:55:00
2020.08.13 14:07:00,2020.08.13 15:30:00,1926.520,1920.140,2020.08.13 14:07:00,2020.08.13 14:16:00,2020.08.13 15:19:00,2020.08.13 15:30:00
2020.08.13 20:40:00,2020.08.13 21:21:00,1945.550,1937.770,2020.08.13 20:40:00,2020.08.13 20:56:00,2020.08.13 21:19:00,2020.08.13 21:21:00
2020.08.14 02:13:00,2020.08.14 09:57:00,1943.820,1938.710,2020.08.14 02:13:00,2020.08.14 03:02:00,2020.08.14 09:52:00,2020.08.14 09:57:00
2020.08.14 16:26:00,2020.08.14 20:00:00,1937.200,1932.090,2020.08.14 16:26:00,2020.08.14 16:35:00,2020.08.14 19:56:00,2020.08.14 20:00:00
2020.08.17 01:38:00,2020.08.17 03:46:00,1934.170,1929.340,2020.08.17 01:38:00,2020.08.17 02:13:00,2020.08.17 03:42:00,2020.08.17 03:46:00
2020.08.17 20:26:00,2020.08.18 01:03:00,1981.620,1979.310,2020.08.17 20:26:00,2020.08.17 20:30:00,2020.08.18 01:01:00,2020.08.18 01:03:00
2020.08.18 16:33:00,2020.08.19 23:49:00,1943.970,1924.690,2020.08.18 16:33:00,2020.08.18 17:07:00,2020.08.19 22:33:00,2020.08.19 23:49:00
2020.08.20 07:18:00,2020.08.20 13:17:00,1930.740,1924.520,2020.08.20 07:18:00,2020.08.20 07:58:00,2020.08.20 13:07:00,2020.08.20 13:17:00
2020.08.21 03:03:00,2020.08.21 15:09:00,1920.500,1911.290,2020.08.21 03:03:00,2020.08.21 04:14:00,2020.08.21 14:45:00,2020.08.21 15:09:00
2020.08.21 18:00:00,2020.08.24 01:10:00,1933.600,1929.890,2020.08.21 18:00:00,2020.08.21 18:03:00,2020.08.24 01:06:00,2020.08.24 01:10:00
2020.08.24 15:19:00,2020.08.24 22:18:00,1931.300,1923.660,2020.08.24 15:19:00,2020.08.24 15:32:00,2020.08.24 20:47:00,2020.08.24 22:18:00
2020.08.25 06:46:00,2020.08.25 18:40:00,1919.250,1914.180,2020.08.25 06:46:00,2020.08.25 08:30:00,2020.08.25 18:18:00,2020.08.25 18:40:00
2020.08.26 05:39:00,2020.08.26 15:33:00,1909.290,1902.730,2020.08.26 05:39:00,2020.08.26 07:59:00,2020.08.26 15:29:00,2020.08.26 15:33:00
2020.08.26 23:50:00,2020.08.27 15:40:00,1937.720,1932.230,2020.08.26 23:50:00,2020.08.27 03:54:00,2020.08.27 15:31:00,2020.08.27 15:40:00
2020.08.27 16:21:00,2020.08.27 17:09:00,1924.720,1909.850,2020.08.27 16:21:00,2020.08.27 16:34:00,2020.08.27 17:05:00,2020.08.27 17:09:00
2020.08.27 21:39:00,2020.08.28 03:10:00,1925.530,1923.140,2020.08.27 21:39:00,2020.08.27 21:54:00,2020.08.28 03:02:00,2020.08.28 03:10:00
2020.08.31 02:57:00,2020.08.31 10:48:00,1958.850,1954.170,2020.08.31 02:57:00,2020.08.31 04:00:00,2020.08.31 10:42:00,2020.08.31 10:48:00
2020.08.31 19:37:00,2020.09.01 01:00:00,1968.030,1964.110,2020.08.31 19:37:00,2020.08.31 19:40:00,2020.08.31 23:54:00,2020.09.01 01:00:00
2020.09.01 10:59:00,2020.09.01 21:44:00,1968.900,1962.980,2020.09.01 10:59:00,2020.09.01 16:35:00,2020.09.01 21:38:00,2020.09.01 21:44:00
2020.09.02 03:08:00,2020.09.02 19:30:00,1941.020,1932.380,2020.09.02 03:08:00,2020.09.02 04:09:00,2020.09.02 19:09:00,2020.09.02 19:30:00
2020.09.03 05:14:00,2020.09.03 10:02:00,1932.550,1927.110,2020.09.03 05:14:00,2020.09.03 07:20:00,2020.09.03 09:35:00,2020.09.03 10:02:00
2020.09.03 10:55:00,2020.09.03 14:28:00,1930.570,1927.280,2020.09.03 10:55:00,2020.09.03 11:03:00,2020.09.03 14:20:00,2020.09.03 14:28:00
2020.09.03 16:57:00,2020.09.03 18:22:00,1927.630,1921.730,2020.09.03 16:57:00,2020.09.03 17:17:00,2020.09.03 18:20:00,2020.09.03 18:22:00
2020.09.03 21:32:00,2020.09.04 02:56:00,1928.960,1925.590,2020.09.03 21:32:00,2020.09.03 21:35:00,2020.09.04 02:54:00,2020.09.04 02:56:00
2020.09.04 05:16:00,2020.09.04 09:02:00,1934.340,1930.680,2020.09.04 05:16:00,2020.09.04 05:34:00,2020.09.04 09:00:00,2020.09.04 09:02:00
2020.09.04 15:30:00,2020.09.04 16:07:00,1922.910,1916.170,2020.09.04 15:30:00,2020.09.04 15:31:00,2020.09.04 16:00:00,2020.09.04 16:07:00
2020.09.07 05:05:00,2020.09.08 16:50:00,1914.360,1906.400,2020.09.07 05:05:00,2020.09.07 08:47:00,2020.09.08 16:32:00,2020.09.08 16:50:00
2020.09.08 20:53:00,2020.09.09 04:11:00,1927.230,1922.810,2020.09.08 20:53:00,2020.09.08 21:24:00,2020.09.09 04:00:00,2020.09.09 04:11:00
2020.09.09 08:33:00,2020.09.09 14:16:00,1923.630,1919.930,2020.09.09 08:33:00,2020.09.09 08:45:00,2020.09.09 13:51:00,2020.09.09 14:16:00
2020.09.10 17:10:00,2020.09.11 06:05:00,1943.460,1937.120,2020.09.10 17:10:00,2020.09.10 17:47:00,2020.09.11 05:47:00,2020.09.11 06:05:00
2020.09.11 16:51:00,2020.09.14 01:04:00,1940.390,1936.300,2020.09.11 16:51:00,2020.09.11 17:00:00,2020.09.11 23:54:00,2020.09.14 01:04:00
2020.09.14 06:18:00,2020.09.14 14:15:00,1942.940,1939.920,2020.09.14 06:18:00,2020.09.14 07:06:00,2020.09.14 14:12:00,2020.09.14 14:15:00
2020.09.15 14:00:00,2020.09.15 17:45:00,1953.330,1948.240,2020.09.15 14:00:00,2020.09.15 15:48:00,2020.09.15 17:38:00,2020.09.15 17:45:00
2020.09.16 16:20:00,2020.09.17 16:43:00,1942.740,1932.840,2020.09.16 16:20:00,2020.09.16 17:19:00,2020.09.17 16:02:00,2020.09.17 16:43:00
2020.09.18 11:54:00,2020.09.18 16:55:00,1947.890,1945.050,2020.09.18 11:54:00,2020.09.18 13:47:00,2020.09.18 16:43:00,2020.09.18 16:55:00
2020.09.18 20:11:00,2020.09.21 01:00:00,1950.330,1944.950,2020.09.18 20:11:00,2020.09.18 20:22:00,2020.09.18 23:54:00,2020.09.21 01:00:00
2020.09.21 04:19:00,2020.09.21 17:40:00,1897.370,1882.430,2020.09.21 04:19:00,2020.09.21 11:50:00,2020.09.21 17:23:00,2020.09.21 17:40:00
2020.09.22 03:14:00,2020.09.22 10:36:00,1901.930,1894.590,2020.09.22 03:14:00,2020.09.22 04:17:00,2020.09.22 10:31:00,2020.09.22 10:36:00
2020.09.22 16:11:00,2020.09.24 12:52:00,1862.660,1848.690,2020.09.22 16:11:00,2020.09.22 18:07:00,2020.09.24 05:26:00,2020.09.24 12:52:00
2020.09.24 20:52:00,2020.09.24 22:22:00,1865.020,1861.570,2020.09.24 20:52:00,2020.09.24 21:02:00,2020.09.24 22:19:00,2020.09.24 22:22:00
2020.09.25 01:13:00,2020.09.25 04:42:00,1864.180,1861.860,2020.09.25 01:13:00,2020.09.25 01:32:00,2020.09.25 04:31:00,2020.09.25 04:42:00
2020.09.25 10:32:00,2020.09.25 17:13:00,1858.110,1852.280,2020.09.25 10:32:00,2020.09.25 12:42:00,2020.09.25 17:07:00,2020.09.25 17:13:00
2020.09.25 22:19:00,2020.09.28 11:47:00,1853.960,1848.670,2020.09.25 22:19:00,2020.09.25 23:20:00,2020.09.28 11:45:00,2020.09.28 11:47:00
2020.09.29 05:26:00,2020.09.29 08:31:00,1877.950,1875.400,2020.09.29 05:26:00,2020.09.29 05:39:00,2020.09.29 08:27:00,2020.09.29 08:31:00
2020.09.30 02:28:00,2020.09.30 12:29:00,1885.130,1881.310,2020.09.30 02:28:00,2020.09.30 04:00:00,2020.09.30 11:43:00,2020.09.30 12:29:00
2020.09.30 18:18:00,2020.10.01 01:00:00,1886.880,1882.540,2020.09.30 18:18:00,2020.09.30 18:43:00,2020.09.30 23:22:00,2020.10.01 01:00:00
2020.10.01 18:35:00,2020.10.02 08:01:00,1894.640,1889.730,2020.10.01 18:35:00,2020.10.01 21:03:00,2020.10.02 07:53:00,2020.10.02 08:01:00
2020.10.02 09:47:00,2020.10.05 10:19:00,1892.990,1886.970,2020.10.02 09:47:00,2020.10.02 10:45:00,2020.10.05 09:57:00,2020.10.05 10:19:00
2020.10.05 17:57:00,2020.10.06 11:35:00,1909.230,1906.600,2020.10.05 17:57:00,2020.10.05 18:02:00,2020.10.06 11:23:00,2020.10.06 11:35:00
2020.10.06 16:33:00,2020.10.07 04:30:00,1882.530,1872.830,2020.10.06 16:33:00,2020.10.06 18:53:00,2020.10.06 23:42:00,2020.10.07 04:30:00
2020.10.07 10:19:00,2020.10.07 17:16:00,1884.420,1879.130,2020.10.07 10:19:00,2020.10.07 10:38:00,2020.10.07 17:09:00,2020.10.07 17:16:00
2020.10.08 16:54:00,2020.10.08 20:08:00,1885.680,1881.880,2020.10.08 16:54:00,2020.10.08 16:59:00,2020.10.08 19:46:00,2020.10.08 20:08:00
2020.10.12 02:23:00,2020.10.12 04:01:00,1924.720,1921.390,2020.10.12 02:23:00,2020.10.12 02:33:00,2020.10.12 03:59:00,2020.10.12 04:01:00
2020.10.12 08:48:00,2020.10.13 07:16:00,1915.130,1910.200,2020.10.12 08:48:00,2020.10.12 09:55:00,2020.10.13 05:21:00,2020.10.13 07:16:00
2020.10.13 11:47:00,2020.10.14 04:23:00,1891.430,1882.330,2020.10.13 11:47:00,2020.10.13 15:53:00,2020.10.14 04:03:00,2020.10.14 04:23:00
2020.10.14 16:59:00,2020.10.15 04:01:00,1896.180,1891.830,2020.10.14 16:59:00,2020.10.14 17:31:00,2020.10.15 03:47:00,2020.10.15 04:01:00
2020.10.15 10:46:00,2020.10.15 15:16:00,1892.550,1889.420,2020.10.15 10:46:00,2020.10.15 11:20:00,2020.10.15 15:08:00,2020.10.15 15:16:00
2020.10.16 15:20:00,2020.10.19 04:12:00,1900.850,1896.980,2020.10.16 15:20:00,2020.10.16 15:30:00,2020.10.19 04:03:00,2020.10.19 04:12:00
2020.10.19 15:17:00,2020.10.20 05:00:00,1899.490,1894.620,2020.10.19 15:17:00,2020.10.19 15:51:00,2020.10.20 04:48:00,2020.10.20 05:00:00
2020.10.20 12:40:00,2020.10.20 17:02:00,1900.100,1897.470,2020.10.20 12:40:00,2020.10.20 13:51:00,2020.10.20 17:00:00,2020.10.20 17:02:00
2020.10.21 17:41:00,2020.10.22 05:13:00,1914.960,1910.670,2020.10.21 17:41:00,2020.10.21 18:04:00,2020.10.22 05:06:00,2020.10.22 05:13:00
2020.10.22 10:43:00,2020.10.22 17:23:00,1899.420,1893.170,2020.10.22 10:43:00,2020.10.22 15:08:00,2020.10.22 17:22:00,2020.10.22 17:23:00
2020.10.23 15:30:00,2020.10.26 00:57:00,1896.340,1891.150,2020.10.23 15:30:00,2020.10.23 16:15:00,2020.10.26 00:54:00,2020.10.26 00:57:00
2020.10.27 04:47:00,2020.10.27 11:17:00,1900.780,1897.800,2020.10.27 04:47:00,2020.10.27 09:08:00,2020.10.27 11:01:00,2020.10.27 11:17:00
2020.10.27 17:39:00,2020.10.28 17:00:00,1878.220,1869.310,2020.10.27 17:39:00,2020.10.28 12:02:00,2020.10.28 15:51:00,2020.10.28 17:00:00
2020.10.29 08:41:00,2020.10.29 15:09:00,1865.380,1859.900,2020.10.29 08:41:00,2020.10.29 10:14:00,2020.10.29 14:50:00,2020.10.29 15:09:00
2020.10.29 16:44:00,2020.10.30 03:00:00,1866.820,1864.290,2020.10.29 16:44:00,2020.10.29 16:48:00,2020.10.30 02:57:00,2020.10.30 03:00:00
2020.10.30 15:33:00,2020.11.02 03:00:00,1876.710,1873.410,2020.10.30 15:33:00,2020.10.30 15:47:00,2020.11.02 02:27:00,2020.11.02 03:00:00
2020.11.03 04:03:00,2020.11.03 09:36:00,1889.260,1886.900,2020.11.03 04:03:00,2020.11.03 04:54:00,2020.11.03 09:33:00,2020.11.03 09:36:00
2020.11.04 02:12:00,2020.11.04 03:00:00,1899.730,1880.740,2020.11.04 02:12:00,2020.11.04 02:55:00,2020.11.04 02:59:00,2020.11.04 03:00:00
2020.11.04 03:52:00,2020.11.04 04:43:00,1888.080,1882.900,2020.11.04 03:52:00,2020.11.04 04:20:00,2020.11.04 04:37:00,2020.11.04 04:43:00
2020.11.04 06:32:00,2020.11.04 12:41:00,1890.570,1887.030,2020.11.04 06:32:00,2020.11.04 06:41:00,2020.11.04 12:24:00,2020.11.04 12:41:00
2020.11.04 15:16:00,2020.11.04 20:02:00,1898.660,1893.140,2020.11.04 15:16:00,2020.11.04 15:23:00,2020.11.04 19:09:00,2020.11.04 20:02:00
2020.11.05 18:20:00,2020.11.06 06:05:00,1939.140,1935.560,2020.11.05 18:20:00,2020.11.05 18:28:00,2020.11.06 05:49:00,2020.11.06 06:05:00
2020.11.09 07:37:00,2020.11.09 18:46:00,1870.430,1850.410,2020.11.09 07:37:00,2020.11.09 13:49:00,2020.11.09 16:51:00,2020.11.09 18:46:00
2020.11.10 09:04:00,2020.11.10 13:00:00,1872.230,1867.270,2020.11.10 09:04:00,2020.11.10 11:32:00,2020.11.10 12:46:00,2020.11.10 13:00:00
2020.11.10 17:16:00,2020.11.10 23:13:00,1875.410,1871.900,2020.11.10 17:16:00,2020.11.10 17:24:00,2020.11.10 22:50:00,2020.11.10 23:13:00
2020.11.11 08:57:00,2020.11.11 16:07:00,1863.090,1856.290,2020.11.11 08:57:00,2020.11.11 09:27:00,2020.11.11 15:53:00,2020.11.11 16:07:00
2020.11.12 17:34:00,2020.11.13 01:00:00,1876.670,1873.410,2020.11.12 17:34:00,2020.11.12 17:41:00,2020.11.12 23:54:00,2020.11.13 01:00:00
2020.11.13 16:04:00,2020.11.13 21:29:00,1887.180,1884.620,2020.11.13 16:04:00,2020.11.13 16:16:00,2020.11.13 20:28:00,2020.11.13 21:29:00
2020.11.16 04:13:00,2020.11.16 13:53:00,1884.100,1864.170,2020.11.16 04:13:00,2020.11.16 09:01:00,2020.11.16 13:52:00,2020.11.16 13:53:00
2020.11.16 18:53:00,2020.11.18 14:03:00,1870.470,1863.320,2020.11.16 18:53:00,2020.11.16 21:48:00,2020.11.18 14:00:00,2020.11.18 14:03:00
2020.11.18 17:30:00,2020.11.19 15:39:00,1859.320,1852.670,2020.11.18 17:30:00,2020.11.18 19:56:00,2020.11.19 15:29:00,2020.11.19 15:39:00
2020.11.20 17:07:00,2020.11.24 05:01:00,1833.150,1821.270,2020.11.20 17:07:00,2020.11.23 16:45:00,2020.11.24 03:17:00,2020.11.24 05:01:00
2020.11.24 09:20:00,2020.11.24 17:42:00,1807.310,1800.320,2020.11.24 09:20:00,2020.11.24 12:06:00,2020.11.24 15:57:00,2020.11.24 17:42:00
2020.11.25 16:48:00,2020.11.25 21:00:00,1806.790,1804.000,2020.11.25 16:48:00,2020.11.25 16:56:00,2020.11.25 20:52:00,2020.11.25 21:00:00
2020.11.26 09:50:00,2020.11.27 16:15:00,1784.090,1774.300,2020.11.26 09:50:00,2020.11.27 07:30:00,2020.11.27 15:42:00,2020.11.27 16:15:00
2020.11.30 01:05:00,2020.11.30 04:58:00,1771.350,1764.350,2020.11.30 01:05:00,2020.11.30 02:24:00,2020.11.30 04:57:00,2020.11.30 04:58:00
2020.11.30 09:51:00,2020.11.30 12:52:00,1770.470,1764.580,2020.11.30 09:51:00,2020.11.30 10:19:00,2020.11.30 12:49:00,2020.11.30 12:52:00
2020.11.30 19:11:00,2020.11.30 23:10:00,1777.180,1775.340,2020.11.30 19:11:00,2020.11.30 19:32:00,2020.11.30 22:45:00,2020.11.30 23:10:00
2020.12.01 20:20:00,2020.12.02 07:39:00,1809.610,1807.400,2020.12.01 20:20:00,2020.12.01 20:25:00,2020.12.02 07:20:00,2020.12.02 07:39:00
2020.12.02 12:33:00,2020.12.02 15:50:00,1817.760,1812.720,2020.12.02 12:33:00,2020.12.02 13:46:00,2020.12.02 15:44:00,2020.12.02 15:50:00
2020.12.03 14:39:00,2020.12.03 18:08:00,1829.890,1823.710,2020.12.03 14:39:00,2020.12.03 15:09:00,2020.12.03 18:03:00,2020.12.03 18:08:00
2020.12.04 16:18:00,2020.12.04 17:53:00,1832.840,1828.960,2020.12.04 16:18:00,2020.12.04 16:26:00,2020.12.04 17:50:00,2020.12.04 17:53:00
2020.12.07 08:05:00,2020.12.07 10:32:00,1826.330,1822.030,2020.12.07 08:05:00,2020.12.07 10:05:00,2020.12.07 10:31:00,2020.12.07 10:32:00
2020.12.07 18:08:00,2020.12.07 22:04:00,1860.330,1858.040,2020.12.07 18:08:00,2020.12.07 18:16:00,2020.12.07 21:51:00,2020.12.07 22:04:00
2020.12.08 06:09:00,2020.12.08 13:07:00,1862.700,1860.230,2020.12.08 06:09:00,2020.12.08 06:42:00,2020.12.08 13:02:00,2020.12.08 13:07:00
2020.12.08 16:45:00,2020.12.09 06:12:00,1859.650,1855.600,2020.12.08 16:45:00,2020.12.08 16:56:00,2020.12.09 06:01:00,2020.12.09 06:12:00
2020.12.09 11:01:00,2020.12.09 20:59:00,1834.130,1825.390,2020.12.09 11:01:00,2020.12.09 13:41:00,2020.12.09 20:47:00,2020.12.09 20:59:00
2020.12.10 04:30:00,2020.12.10 11:15:00,1831.400,1828.620,2020.12.10 04:30:00,2020.12.10 05:56:00,2020.12.10 11:11:00,2020.12.10 11:15:00
2020.12.10 16:52:00,2020.12.10 20:01:00,1834.570,1830.160,2020.12.10 16:52:00,2020.12.10 17:04:00,2020.12.10 19:37:00,2020.12.10 20:01:00
2020.12.11 04:02:00,2020.12.11 13:28:00,1828.200,1823.900,2020.12.11 04:02:00,2020.12.11 05:15:00,2020.12.11 13:27:00,2020.12.11 13:28:00
2020.12.11 17:24:00,2020.12.14 12:29:00,1825.830,1818.270,2020.12.11 17:24:00,2020.12.11 20:23:00,2020.12.14 12:28:00,2020.12.14 12:29:00
2020.12.16 13:18:00,2020.12.16 21:19:00,1849.790,1844.680,2020.12.16 13:18:00,2020.12.16 14:08:00,2020.12.16 21:12:00,2020.12.16 21:19:00
2020.12.17 16:50:00,2020.12.18 10:20:00,1881.170,1877.380,2020.12.17 16:50:00,2020.12.17 16:56:00,2020.12.18 10:07:00,2020.12.18 10:20:00
2020.12.21 08:29:00,2020.12.21 12:06:00,1869.920,1855.000,2020.12.21 08:29:00,2020.12.21 11:47:00,2020.12.21 12:05:00,2020.12.21 12:06:00
2020.12.21 16:34:00,2020.12.22 01:00:00,1876.180,1873.500,2020.12.21 16:34:00,2020.12.21 16:39:00,2020.12.21 23:54:00,2020.12.22 01:00:00
2020.12.22 04:43:00,2020.12.22 09:14:00,1870.640,1866.530,2020.12.22 04:43:00,2020.12.22 07:02:00,2020.12.22 09:11:00,2020.12.22 09:14:00
2020.12.22 16:10:00,2020.12.22 22:57:00,1863.980,1858.840,2020.12.22 16:10:00,2020.12.22 16:40:00,2020.12.22 22:13:00,2020.12.22 22:57:00
2020.12.23 11:34:00,2020.12.23 14:11:00,1861.930,1856.940,2020.12.23 11:34:00,2020.12.23 12:02:00,2020.12.23 14:10:00,2020.12.23 14:11:00
2020.12.24 10:17:00,2020.12.24 16:23:00,1872.220,1869.440,2020.12.24 10:17:00,2020.12.24 10:43:00,2020.12.24 16:15:00,2020.12.24 16:23:00
2020.12.28 04:06:00,2020.12.28 13:55:00,1875.410,1869.070,2020.12.28 04:06:00,2020.12.28 07:37:00,2020.12.28 13:37:00,2020.12.28 13:55:00
2020.12.28 17:07:00,2020.12.28 23:50:00,1876.490,1871.070,2020.12.28 17:07:00,2020.12.28 17:37:00,2020.12.28 21:22:00,2020.12.28 23:50:00
2020.12.29 10:13:00,2020.12.29 17:13:00,1875.940,1871.660,2020.12.29 10:13:00,2020.12.29 10:48:00,2020.12.29 17:11:00,2020.12.29 17:13:00
2020.12.29 18:32:00,2020.12.30 01:02:00,1878.370,1876.350,2020.12.29 18:32:00,2020.12.29 18:43:00,2020.12.29 23:07:00,2020.12.30 01:02:00
2020.12.30 06:47:00,2020.12.30 15:08:00,1878.470,1876.020,2020.12.30 06:47:00,2020.12.30 07:32:00,2020.12.30 15:07:00,2020.12.30 15:08:00
2020.12.31 03:06:00,2020.12.31 07:13:00,1888.360,1885.360,2020.12.31 03:06:00,2020.12.31 03:34:00,2020.12.31 07:07:00,2020.12.31 07:13:00
2021.01.06 03:04:00,2021.01.06 06:14:00,1944.070,1941.250,2021.01.06 03:04:00,2021.01.06 03:16:00,2021.01.06 05:52:00,2021.01.06 06:14:00
2021.01.06 12:13:00,2021.01.06 18:14:00,1913.270,1900.730,2021.01.06 12:13:00,2021.01.06 14:43:00,2021.01.06 17:45:00,2021.01.06 18:14:00
2021.01.07 08:46:00,2021.01.08 10:00:00,1904.330,1876.620,2021.01.07 08:46:00,2021.01.07 12:24:00,2021.01.08 09:59:00,2021.01.08 10:00:00
2021.01.08 14:05:00,2021.01.08 20:25:00,1841.420,1828.130,2021.01.08 14:05:00,2021.01.08 16:42:00,2021.01.08 20:08:00,2021.01.08 20:25:00
2021.01.11 01:03:00,2021.01.11 03:31:00,1831.570,1816.610,2021.01.11 01:03:00,2021.01.11 01:50:00,2021.01.11 03:14:00,2021.01.11 03:31:00
2021.01.11 10:17:00,2021.01.11 16:20:00,1835.000,1828.980,2021.01.11 10:17:00,2021.01.11 10:52:00,2021.01.11 16:13:00,2021.01.11 16:20:00
2021.01.11 20:14:00,2021.01.12 03:06:00,1844.290,1841.250,2021.01.11 20:14:00,2021.01.11 20:36:00,2021.01.12 03:03:00,2021.01.12 03:06:00
2021.01.12 12:14:00,2021.01.12 16:06:00,1843.120,1836.350,2021.01.12 12:14:00,2021.01.12 15:18:00,2021.01.12 16:05:00,2021.01.12 16:06:00
2021.01.12 16:31:00,2021.01.12 19:43:00,1840.350,1837.530,2021.01.12 16:31:00,2021.01.12 16:35:00,2021.01.12 19:32:00,2021.01.12 19:43:00
2021.01.13 03:48:00,2021.01.13 11:15:00,1854.680,1849.280,2021.01.13 03:48:00,2021.01.13 04:47:00,2021.01.13 11:11:00,2021.01.13 11:15:00
2021.01.13 16:07:00,2021.01.14 04:31:00,1838.600,1828.100,2021.01.13 16:07:00,2021.01.13 22:40:00,2021.01.14 04:30:00,2021.01.14 04:31:00
2021.01.14 20:01:00,2021.01.14 21:52:00,1846.540,1843.750,2021.01.14 20:01:00,2021.01.14 20:08:00,2021.01.14 21:43:00,2021.01.14 21:52:00
2021.01.15 11:49:00,2021.01.18 01:35:00,1824.190,1801.790,2021.01.15 11:49:00,2021.01.15 15:45:00,2021.01.18 01:34:00,2021.01.18 01:35:00
2021.01.18 08:49:00,2021.01.18 14:19:00,1831.970,1829.450,2021.01.18 08:49:00,2021.01.18 09:00:00,2021.01.18 14:15:00,2021.01.18 14:19:00
2021.01.20 09:59:00,2021.01.20 15:15:00,1837.350,1832.290,2021.01.20 09:59:00,2021.01.20 13:33:00,2021.01.20 15:08:00,2021.01.20 15:15:00
2021.01.21 08:54:00,2021.01.21 16:02:00,1861.750,1858.280,2021.01.21 08:54:00,2021.01.21 09:28:00,2021.01.21 15:57:00,2021.01.21 16:02:00
2021.01.21 22:56:00,2021.01.22 15:32:00,1844.600,1837.230,2021.01.21 22:56:00,2021.01.22 04:59:00,2021.01.22 14:45:00,2021.01.22 15:32:00
2021.01.25 03:01:00,2021.01.25 08:38:00,1851.280,1849.080,2021.01.25 03:01:00,2021.01.25 03:03:00,2021.01.25 08:31:00,2021.01.25 08:38:00
2021.01.25 15:24:00,2021.01.25 18:15:00,1851.400,1847.060,2021.01.25 15:24:00,2021.01.25 16:33:00,2021.01.25 18:04:00,2021.01.25 18:15:00
2021.01.26 06:07:00,2021.01.27 03:51:00,1846.960,1843.230,2021.01.26 06:07:00,2021.01.26 07:00:00,2021.01.27 03:42:00,2021.01.27 03:51:00
2021.01.27 10:03:00,2021.01.27 16:45:00,1836.190,1831.180,2021.01.27 10:03:00,2021.01.27 10:22:00,2021.01.27 16:39:00,2021.01.27 16:45:00
2021.01.27 18:05:00,2021.01.28 03:39:00,1837.540,1834.000,2021.01.27 18:05:00,2021.01.27 18:56:00,2021.01.28 03:18:00,2021.01.28 03:39:00
2021.01.29 16:22:00,2021.01.29 22:59:00,1848.710,1841.750,2021.01.29 16:22:00,2021.01.29 16:28:00,2021.01.29 22:06:00,2021.01.29 22:59:00
2021.02.01 10:14:00,2021.02.02 16:55:00,1839.170,1829.470,2021.02.01 10:14:00,2021.02.01 12:15:00,2021.02.02 16:29:00,2021.02.02 16:55:00
2021.02.03 04:30:00,2021.02.03 12:26:00,1835.470,1832.490,2021.02.03 04:30:00,2021.02.03 05:03:00,2021.02.03 12:05:00,2021.02.03 12:26:00
2021.02.03 15:26:00,2021.02.04 11:18:00,1816.950,1810.290,2021.02.03 15:26:00,2021.02.03 16:48:00,2021.02.04 11:04:00,2021.02.04 11:18:00
2021.02.04 15:19:00,2021.02.04 17:00:00,1792.330,1784.890,2021.02.04 15:19:00,2021.02.04 15:45:00,2021.02.04 16:38:00,2021.02.04 17:00:00
2021.02.05 10:30:00,2021.02.05 15:20:00,1797.410,1793.430,2021.02.05 10:30:00,2021.02.05 11:14:00,2021.02.05 15:15:00,2021.02.05 15:20:00
2021.02.08 17:47:00,2021.02.09 01:00:00,1830.390,1828.130,2021.02.08 17:47:00,2021.02.08 17:55:00,2021.02.08 23:53:00,2021.02.09 01:00:00
2021.02.09 11:56:00,2021.02.09 16:41:00,1836.660,1832.060,2021.02.09 11:56:00,2021.02.09 12:49:00,2021.02.09 16:38:00,2021.02.09 16:41:00
2021.02.09 17:24:00,2021.02.10 03:12:00,1836.440,1834.030,2021.02.09 17:24:00,2021.02.09 17:39:00,2021.02.10 03:06:00,2021.02.10 03:12:00
2021.02.10 09:31:00,2021.02.10 15:00:00,1840.100,1837.680,2021.02.10 09:31:00,2021.02.10 10:06:00,2021.02.10 14:47:00,2021.02.10 15:00:00
2021.02.10 15:44:00,2021.02.10 18:19:00,1839.170,1834.830,2021.02.10 15:44:00,2021.02.10 16:23:00,2021.02.10 18:07:00,2021.02.10 18:19:00
2021.02.10 21:33:00,2021.02.11 05:24:00,1836.450,1833.960,2021.02.10 21:33:00,2021.02.10 22:00:00,2021.02.11 05:16:00,2021.02.11 05:24:00
2021.02.11 15:21:00,2021.02.12 15:37:00,1818.060,1810.460,2021.02.11 15:21:00,2021.02.11 18:11:00,2021.02.12 15:09:00,2021.02.12 15:37:00
2021.02.12 17:55:00,2021.02.12 22:11:00,1820.080,1817.330,2021.02.12 17:55:00,2021.02.12 18:02:00,2021.02.12 21:25:00,2021.02.12 22:11:00
2021.02.15 04:01:00,2021.02.15 12:13:00,1818.280,1816.050,2021.02.15 04:01:00,2021.02.15 06:20:00,2021.02.15 11:56:00,2021.02.15 12:13:00
2021.02.16 05:59:00,2021.02.17 11:50:00,1792.820,1783.580,2021.02.16 05:59:00,2021.02.16 14:48:00,2021.02.17 09:15:00,2021.02.17 11:50:00
2021.02.17 15:00:00,2021.02.17 18:15:00,1774.290,1769.410,2021.02.17 15:00:00,2021.02.17 15:16:00,2021.02.17 18:07:00,2021.02.17 18:15:00
2021.02.18 10:55:00,2021.02.19 03:33:00,1766.590,1760.570,2021.02.18 10:55:00,2021.02.18 14:17:00,2021.02.19 03:05:00,2021.02.19 03:33:00
2021.02.19 08:17:00,2021.02.19 13:56:00,1770.040,1767.890,2021.02.19 08:17:00,2021.02.19 08:24:00,2021.02.19 13:51:00,2021.02.19 13:56:00
2021.02.19 16:49:00,2021.02.19 20:34:00,1780.880,1777.360,2021.02.19 16:49:00,2021.02.19 16:51:00,2021.02.19 20:03:00,2021.02.19 20:34:00
2021.02.23 05:03:00,2021.02.23 16:50:00,1800.370,1795.570,2021.02.23 05:03:00,2021.02.23 07:30:00,2021.02.23 16:44:00,2021.02.23 16:50:00
2021.02.23 17:42:00,2021.02.23 20:54:00,1803.690,1801.720,2021.02.23 17:42:00,2021.02.23 17:50:00,2021.02.23 20:44:00,2021.02.23 20:54:00
2021.02.24 04:30:00,2021.02.24 16:58:00,1789.980,1783.510,2021.02.24 04:30:00,2021.02.24 09:50:00,2021.02.24 16:26:00,2021.02.24 16:58:00
2021.02.25 01:00:00,2021.02.26 18:57:00,1737.860,1717.150,2021.02.25 01:00:00,2021.02.25 13:41:00,2021.02.26 17:14:00,2021.02.26 18:57:00
2021.03.01 09:36:00,2021.03.01 22:08:00,1727.800,1719.610,2021.03.01 09:36:00,2021.03.01 11:27:00,2021.03.01 19:31:00,2021.03.01 22:08:00
2021.03.02 02:55:00,2021.03.02 05:24:00,1711.730,1707.150,2021.03.02 02:55:00,2021.03.02 03:18:00,2021.03.02 05:16:00,2021.03.02 05:24:00
2021.03.03 01:22:00,2021.03.03 17:44:00,1709.790,1701.810,2021.03.03 01:22:00,2021.03.03 10:12:00,2021.03.03 17:37:00,2021.03.03 17:44:00
2021.03.03 18:26:00,2021.03.04 06:05:00,1710.280,1706.530,2021.03.03 18:26:00,2021.03.03 18:48:00,2021.03.04 05:41:00,2021.03.04 06:05:00
2021.03.04 15:01:00,2021.03.05 03:13:00,1694.420,1687.140,2021.03.04 15:01:00,2021.03.04 16:11:00,2021.03.05 02:59:00,2021.03.05 03:13:00
2021.03.05 09:40:00,2021.03.05 10:54:00,1693.010,1690.980,2021.03.05 09:40:00,2021.03.05 09:52:00,2021.03.05 10:45:00,2021.03.05 10:54:00
2021.03.05 15:00:00,2021.03.05 15:32:00,1695.670,1687.210,2021.03.05 15:00:00,2021.03.05 15:13:00,2021.03.05 15:29:00,2021.03.05 15:32:00
2021.03.08 04:05:00,2021.03.08 19:16:00,1685.260,1676.780,2021.03.08 04:05:00,2021.03.08 09:03:00,2021.03.08 17:42:00,2021.03.08 19:16:00
2021.03.09 16:39:00,2021.03.10 13:40:00,1711.210,1708.170,2021.03.09 16:39:00,2021.03.09 16:40:00,2021.03.10 13:25:00,2021.03.10 13:40:00
2021.03.11 11:16:00,2021.03.11 16:45:00,1723.850,1719.170,2021.03.11 11:16:00,2021.03.11 11:53:00,2021.03.11 16:38:00,2021.03.11 16:45:00
2021.03.11 20:05:00,2021.03.12 11:56:00,1705.350,1699.190,2021.03.11 20:05:00,2021.03.12 04:45:00,2021.03.12 11:14:00,2021.03.12 11:56:00
2021.03.15 03:30:00,2021.03.15 07:41:00,1724.150,1721.650,2021.03.15 03:30:00,2021.03.15 03:42:00,2021.03.15 07:29:00,2021.03.15 07:41:00
2021.03.16 16:37:00,2021.03.16 17:48:00,1731.240,1726.760,2021.03.16 16:37:00,2021.03.16 16:44:00,2021.03.16 17:30:00,2021.03.16 17:48:00
2021.03.17 08:31:00,2021.03.17 16:02:00,1728.380,1724.040,2021.03.17 08:31:00,2021.03.17 10:05:00,2021.03.17 16:01:00,2021.03.17 16:02:00
2021.03.18 05:03:00,2021.03.18 15:29:00,1726.640,1719.220,2021.03.18 05:03:00,2021.03.18 09:26:00,2021.03.18 15:05:00,2021.03.18 15:29:00
2021.03.19 09:40:00,2021.03.19 15:42:00,1735.740,1733.280,2021.03.19 09:40:00,2021.03.19 09:59:00,2021.03.19 15:39:00,2021.03.19 15:42:00
2021.03.22 00:00:00,2021.03.22 03:30:00,1735.410,1732.520,2021.03.22 00:00:00,2021.03.22 00:04:00,2021.03.22 03:21:00,2021.03.22 03:30:00
2021.03.22 06:56:00,2021.03.22 09:48:00,1730.470,1727.290,2021.03.22 06:56:00,2021.03.22 07:56:00,2021.03.22 09:32:00,2021.03.22 09:48:00
2021.03.22 20:01:00,2021.03.23 04:32:00,1733.090,1730.880,2021.03.22 20:01:00,2021.03.23 02:25:00,2021.03.23 04:06:00,2021.03.23 04:32:00
2021.03.23 12:12:00,2021.03.24 03:03:00,1727.660,1723.830,2021.03.23 12:12:00,2021.03.23 15:05:00,2021.03.24 02:46:00,2021.03.24 03:03:00
2021.03.25 05:16:00,2021.03.25 14:45:00,1728.470,1724.910,2021.03.25 05:16:00,2021.03.25 06:00:00,2021.03.25 14:40:00,2021.03.25 14:45:00
2021.03.25 15:44:00,2021.03.25 19:02:00,1727.950,1721.780,2021.03.25 15:44:00,2021.03.25 15:53:00,2021.03.25 19:00:00,2021.03.25 19:02:00
2021.03.26 17:16:00,2021.03.31 05:58:00,1690.260,1677.900,2021.03.26 17:16:00,2021.03.29 16:37:00,2021.03.30 14:33:00,2021.03.31 05:58:00
2021.03.31 20:29:00,2021.04.01 01:01:00,1707.700,1705.730,2021.03.31 20:29:00,2021.03.31 20:46:00,2021.03.31 23:52:00,2021.04.01 01:01:00
2021.04.01 10:28:00,2021.04.01 14:12:00,1712.580,1710.430,2021.04.01 10:28:00,2021.04.01 11:39:00,2021.04.01 14:04:00,2021.04.01 14:12:00
2021.04.01 23:50:00,2021.04.05 09:10:00,1723.240,1721.280,2021.04.01 23:50:00,2021.04.05 01:00:00,2021.04.05 08:54:00,2021.04.05 09:10:00
2021.04.06 18:58:00,2021.04.07 15:18:00,1733.880,1730.630,2021.04.06 18:58:00,2021.04.06 20:24:00,2021.04.07 14:59:00,2021.04.07 15:18:00
2021.04.07 18:14:00,2021.04.08 04:20:00,1735.180,1733.140,2021.04.07 18:14:00,2021.04.07 18:27:00,2021.04.08 04:09:00,2021.04.08 04:20:00
2021.04.08 17:45:00,2021.04.09 16:16:00,1738.130,1731.130,2021.04.08 17:45:00,2021.04.09 08:29:00,2021.04.09 15:59:00,2021.04.09 16:16:00
2021.04.09 17:48:00,2021.04.12 08:37:00,1737.610,1735.220,2021.04.09 17:48:00,2021.04.09 18:06:00,2021.04.12 08:09:00,2021.04.12 08:37:00
2021.04.12 15:03:00,2021.04.12 21:46:00,1731.470,1727.310,2021.04.12 15:03:00,2021.04.12 15:56:00,2021.04.12 21:17:00,2021.04.12 21:46:00
2021.04.13 05:57:00,2021.04.13 10:10:00,1726.310,1723.710,2021.04.13 05:57:00,2021.04.13 06:45:00,2021.04.13 09:27:00,2021.04.13 10:10:00
2021.04.14 04:02:00,2021.04.14 17:21:00,1736.370,1732.550,2021.04.14 04:02:00,2021.04.14 05:06:00,2021.04.14 17:16:00,2021.04.14 17:21:00
2021.04.15 18:43:00,2021.04.16 05:43:00,1761.960,1759.830,2021.04.15 18:43:00,2021.04.15 18:59:00,2021.04.16 05:04:00,2021.04.16 05:43:00
2021.04.19 13:22:00,2021.04.20 12:38:00,1769.130,1763.620,2021.04.19 13:22:00,2021.04.19 14:33:00,2021.04.20 11:50:00,2021.04.20 12:38:00
2021.04.22 04:42:00,2021.04.22 19:04:00,1781.960,1777.390,2021.04.22 04:42:00,2021.04.22 07:26:00,2021.04.22 18:56:00,2021.04.22 19:04:00
2021.04.23 16:03:00,2021.04.23 17:31:00,1777.340,1770.000,2021.04.23 16:03:00,2021.04.23 16:18:00,2021.04.23 17:16:00,2021.04.23 17:31:00
2021.04.26 08:35:00,2021.04.26 15:21:00,1772.170,1768.770,2021.04.26 08:35:00,2021.04.26 09:02:00,2021.04.26 15:18:00,2021.04.26 15:21:00
2021.04.27 15:25:00,2021.04.28 15:30:00,1767.370,1762.560,2021.04.27 15:25:00,2021.04.27 16:33:00,2021.04.28 14:56:00,2021.04.28 15:30:00
2021.04.29 05:12:00,2021.04.29 17:00:00,1764.080,1756.140,2021.04.29 05:12:00,2021.04.29 09:18:00,2021.04.29 16:50:00,2021.04.29 17:00:00
2021.04.29 23:00:00,2021.04.30 17:06:00,1767.630,1764.220,2021.04.29 23:00:00,2021.04.29 23:47:00,2021.04.30 17:03:00,2021.04.30 17:06:00
2021.05.03 17:32:00,2021.05.04 14:51:00,1785.020,1780.760,2021.05.03 17:32:00,2021.05.03 17:54:00,2021.05.04 14:46:00,2021.05.04 14:51:00
2021.05.04 17:05:00,2021.05.04 19:01:00,1776.640,1770.920,2021.05.04 17:05:00,2021.05.04 17:37:00,2021.05.04 18:52:00,2021.05.04 19:01:00
2021.05.05 06:43:00,2021.05.05 15:31:00,1773.290,1770.310,2021.05.05 06:43:00,2021.05.05 08:12:00,2021.05.05 15:29:00,2021.05.05 15:31:00
2021.05.10 16:33:00,2021.05.11 04:03:00,1834.290,1831.310,2021.05.10 16:33:00,2021.05.10 16:38:00,2021.05.11 03:50:00,2021.05.11 04:03:00
2021.05.11 14:20:00,2021.05.11 16:25:00,1822.760,1818.000,2021.05.11 14:20:00,2021.05.11 15:47:00,2021.05.11 16:17:00,2021.05.11 16:25:00
2021.05.11 23:04:00,2021.05.12 06:02:00,1828.750,1825.880,2021.05.11 23:04:00,2021.05.12 03:42:00,2021.05.12 05:40:00,2021.05.12 06:02:00
2021.05.12 16:03:00,2021.05.13 13:22:00,1816.250,1808.810,2021.05.12 16:03:00,2021.05.12 16:18:00,2021.05.13 11:41:00,2021.05.13 13:22:00
2021.05.17 08:32:00,2021.05.17 16:02:00,1846.500,1844.020,2021.05.17 08:32:00,2021.05.17 12:15:00,2021.05.17 15:53:00,2021.05.17 16:02:00
2021.05.18 15:31:00,2021.05.18 17:04:00,1866.320,1863.170,2021.05.18 15:31:00,2021.05.18 15:45:00,2021.05.18 16:55:00,2021.05.18 17:04:00
2021.05.19 09:06:00,2021.05.19 14:49:00,1856.500,1852.130,2021.05.19 09:06:00,2021.05.19 10:53:00,2021.05.19 14:06:00,2021.05.19 14:49:00
2021.05.19 16:57:00,2021.05.19 22:00:00,1868.620,1861.960,2021.05.19 16:57:00,2021.05.19 17:21:00,2021.05.19 21:37:00,2021.05.19 22:00:00
2021.05.20 08:32:00,2021.05.20 13:14:00,1868.060,1865.230,2021.05.20 08:32:00,2021.05.20 08:41:00,2021.05.20 12:58:00,2021.05.20 13:14:00
2021.05.20 19:51:00,2021.05.21 05:42:00,1873.330,1870.340,2021.05.20 19:51:00,2021.05.20 20:50:00,2021.05.21 04:20:00,2021.05.21 05:42:00
2021.05.21 16:07:00,2021.05.21 19:15:00,1875.030,1870.060,2021.05.21 16:07:00,2021.05.21 16:44:00,2021.05.21 19:08:00,2021.05.21 19:15:00
2021.05.24 04:55:00,2021.05.24 11:39:00,1878.590,1875.680,2021.05.24 04:55:00,2021.05.24 05:48:00,2021.05.24 11:35:00,2021.05.24 11:39:00
2021.05.24 15:33:00,2021.05.25 04:24:00,1875.960,1872.740,2021.05.24 15:33:00,2021.05.24 15:45:00,2021.05.25 04:19:00,2021.05.25 04:24:00
2021.05.26 15:41:00,2021.05.26 20:51:00,1896.880,1890.640,2021.05.26 15:41:00,2021.05.26 16:02:00,2021.05.26 20:42:00,2021.05.26 20:51:00
2021.05.27 09:06:00,2021.05.27 16:34:00,1891.860,1888.230,2021.05.27 09:06:00,2021.05.27 09:24:00,2021.05.27 16:31:00,2021.05.27 16:34:00
2021.05.27 22:13:00,2021.05.28 15:12:00,1889.030,1882.210,2021.05.27 22:13:00,2021.05.28 04:59:00,2021.05.28 15:09:00,2021.05.28 15:12:00
2021.06.01 09:45:00,2021.06.01 17:53:00,1898.380,1892.340,2021.06.01 09:45:00,2021.06.01 11:20:00,2021.06.01 17:43:00,2021.06.01 17:53:00
2021.06.01 19:33:00,2021.06.02 14:15:00,1896.240,1894.320,2021.06.01 19:33:00,2021.06.01 21:56:00,2021.06.02 14:08:00,2021.06.02 14:15:00
2021.06.03 04:00:00,2021.06.04 04:56:00,1867.990,1852.220,2021.06.03 04:00:00,2021.06.03 10:47:00,2021.06.04 04:53:00,2021.06.04 04:56:00
2021.06.04 17:30:00,2021.06.07 10:22:00,1884.440,1881.490,2021.06.04 17:30:00,2021.06.04 19:04:00,2021.06.07 09:19:00,2021.06.07 10:22:00
2021.06.08 04:22:00,2021.06.08 11:26:00,1892.760,1889.650,2021.06.08 04:22:00,2021.06.08 04:55:00,2021.06.08 11:01:00,2021.06.08 11:26:00
2021.06.08 15:37:00,2021.06.08 16:57:00,1890.080,1883.740,2021.06.08 15:37:00,2021.06.08 15:45:00,2021.06.08 16:53:00,2021.06.08 16:57:00
2021.06.09 16:44:00,2021.06.10 15:31:00,1875.680,1869.720,2021.06.09 16:44:00,2021.06.09 17:14:00,2021.06.10 15:29:00,2021.06.10 15:31:00
2021.06.11 10:21:00,2021.06.14 15:46:00,1856.240,1844.500,2021.06.11 10:21:00,2021.06.11 15:30:00,2021.06.14 14:11:00,2021.06.14 15:46:00
2021.06.14 17:32:00,2021.06.15 04:47:00,1862.060,1858.600,2021.06.14 17:32:00,2021.06.14 17:34:00,2021.06.15 04:34:00,2021.06.15 04:47:00
2021.06.15 09:40:00,2021.06.15 19:57:00,1855.170,1851.570,2021.06.15 09:40:00,2021.06.15 11:10:00,2021.06.15 19:23:00,2021.06.15 19:57:00
2021.06.16 20:59:00,2021.06.16 23:42:00,1819.310,1803.220,2021.06.16 20:59:00,2021.06.16 21:04:00,2021.06.16 23:40:00,2021.06.16 23:42:00
2021.06.17 05:23:00,2021.06.17 18:31:00,1779.170,1767.230,2021.06.17 05:23:00,2021.06.17 10:37:00,2021.06.17 17:58:00,2021.06.17 18:31:00
2021.06.18 12:55:00,2021.06.18 23:07:00,1769.010,1760.830,2021.06.18 12:55:00,2021.06.18 15:20:00,2021.06.18 22:58:00,2021.06.18 23:07:00
2021.06.21 12:54:00,2021.06.21 17:03:00,1776.750,1773.480,2021.06.21 12:54:00,2021.06.21 13:05:00,2021.06.21 16:39:00,2021.06.21 17:03:00
2021.06.22 06:28:00,2021.06.22 15:37:00,1776.120,1772.290,2021.06.22 06:28:00,2021.06.22 08:18:00,2021.06.22 15:34:00,2021.06.22 15:37:00
